mutation,mutation_frequency,counts
F:L3S,0.08823529411764706,3
F:T12I,0.23529411764705882,8
F:T12V,0.029411764705882353,1
F:T13I,0.029411764705882353,1
F:L20F,0.029411764705882353,1
F:A23T,0.17647058823529413,6
F:D84N,0.029411764705882353,1
F:A103T,0.029411764705882353,1
F:L119H,0.08823529411764706,3
F:T122A,0.029411764705882353,1
F:K123R,0.058823529411764705,2
F:V127I,0.17647058823529413,6
F:S276N,0.058823529411764705,2
F:P312H,0.029411764705882353,1
F:T326S,0.058823529411764705,2
F:E328K,0.029411764705882353,1
F:S377N,0.5,17
F:I384V,0.11764705882352941,4
F:R507H,0.08823529411764706,3
F:A518V,0.08823529411764706,3
F:T523A,0.029411764705882353,1
