location	variant	date	proportion	proportionLower	proportionUpper
Basel (BS)	A.D.1	2024-11-18	0.0291344555670884	3.9348825673480385e-11	0.4529401227689927
Basel (BS)	A.D.1	2024-12-09	0.645165346344677	2.184461166551877e-14	0.9904856815705122
Basel (BS)	A.D.1	2025-01-01	0.008336562630342527	9.33995734271308e-23	0.013904133480441557
Basel (BS)	A.D.1	2025-01-12	0.7110349311722257	0.5321299309824946	0.8886517198357683
Basel (BS)	A.D.1	2025-01-16	0.832669586204696	0.6362459027088915	0.9592142601554324
Basel (BS)	A.D.1	2025-01-20	0.9331232923221273	0.7930480493133534	0.9783190857558179
Basel (BS)	A.D.1	2025-01-24	0.9711715949415745	0.8962060629106741	0.98876929409019
Basel (BS)	A.D.1	2025-02-02	0.7963582725854469	0.5385144845718954	0.9604838609548298
Basel (BS)	A.D.1	2025-02-06	0.5789536205484347	0.3166215217198067	0.9004734704168663
Basel (BS)	A.D.1	2025-02-27	0.5978625829926977	0.002248533538121345	0.9536905765312527
Basel (BS)	A.D.1	2025-03-03	0.6025226636335365	0.007611610734804105	0.970404257948834
Basel (BS)	A.D.1	2025-03-07	0.4153070165994037	0.004804855473312645	0.970799062588273
Basel (BS)	A.D.1.4	2024-11-18	0.00047775486506424365	5.7472398311189325e-11	0.0037177730891084803
Basel (BS)	A.D.1.4	2024-12-09	0.0011683510309870274	7.46759274053876e-09	0.005338768615344899
Basel (BS)	A.D.1.4	2025-01-01	0.00038937979363997587	8.498562941107431e-19	0.0020618503305100894
Basel (BS)	A.D.1.4	2025-01-12	0.0011341754351977945	1.4860770945627907e-09	0.003268780383737575
Basel (BS)	A.D.1.4	2025-01-16	0.0012075133670439776	3.7065991128349105e-08	0.002806048951091369
Basel (BS)	A.D.1.4	2025-01-20	0.0012674306531511121	0.0001280014987820874	0.0024944837826151567
Basel (BS)	A.D.1.4	2025-01-24	0.0015142641734030096	0.0002824046704485904	0.002723262432062723
Basel (BS)	A.D.1.4	2025-02-02	0.0022638578844171794	0.000688194146918326	0.0049182640225197164
Basel (BS)	A.D.1.4	2025-02-06	0.0016326742181836504	0.00027374038794525856	0.003936694899883945
Basel (BS)	A.D.1.4	2025-02-27	0.0014172565311359145	0.0001441942844993316	0.0030074963761982675
Basel (BS)	A.D.1.4	2025-03-03	0.0014073323761401202	0.00014303807481769193	0.003172069143471702
Basel (BS)	A.D.1.4	2025-03-07	0.001673431273519571	0.00022436177028968082	0.004442643656839651
Basel (BS)	A.D.1.5	2024-11-18	0.0005417732924541312	1.1424324742513878e-14	0.005040486695966204
Basel (BS)	A.D.1.5	2024-12-09	1.608242988137801e-05	4.663852189598268e-25	0.0001798490592573556
Basel (BS)	A.D.1.5	2025-01-01	0.0030284032398865766	1.92408687858828e-07	0.014155711894954475
Basel (BS)	A.D.1.5	2025-01-12	0.1542761026575106	0.006016842186557688	0.3748144449509996
Basel (BS)	A.D.1.5	2025-01-16	0.1193769324196993	0.008155000232845395	0.24074901908465424
Basel (BS)	A.D.1.5	2025-01-20	0.05051262584848985	0.005496427899865744	0.18743529172974482
Basel (BS)	A.D.1.5	2025-01-24	0.017699402222752843	0.00334972555322546	0.09366529903217405
Basel (BS)	A.D.1.5	2025-02-02	0.012541279765666848	0.0026347990193445656	0.05080331796572031
Basel (BS)	A.D.1.5	2025-02-06	0.026575674914181512	0.002115208969012385	0.3691218889765528
Basel (BS)	A.D.1.5	2025-02-27	0.1658164557203164	0.003060854635250458	0.5793115290332246
Basel (BS)	A.D.1.5	2025-03-03	0.3354512424082653	0.004773244499662981	0.9474952966809969
Basel (BS)	A.D.1.5	2025-03-07	0.5655783896067442	0.011679628018248806	0.9719924455323454
Basel (BS)	A.D.3	2024-11-18	0.021683934987139063	4.291565076655552e-12	0.20481493835616596
Basel (BS)	A.D.3	2024-12-09	0.13746214531078	1.5545489763276169e-30	0.9565617948976468
Basel (BS)	A.D.3	2025-01-01	0.13169034384228326	0.0005787119419519673	0.8856917832683806
Basel (BS)	A.D.3	2025-01-12	0.04623819290685751	0.002447381001133266	0.22815370131701246
Basel (BS)	A.D.3	2025-01-16	0.030548336744183762	0.004576449374140957	0.14975128674919427
Basel (BS)	A.D.3	2025-01-20	0.011267785015422789	0.004169132125386613	0.028643920767414732
Basel (BS)	A.D.3	2025-01-24	0.006441160505374943	0.0026349445576162437	0.01522467324680375
Basel (BS)	A.D.3	2025-02-02	0.03796751877724544	0.004641789021006484	0.21808710884998445
Basel (BS)	A.D.3	2025-02-06	0.12590496237499238	0.004511372426158644	0.46462826878760505
Basel (BS)	A.D.3	2025-02-27	0.008402174710620878	0.0022504516779234037	0.017882341417702424
Basel (BS)	A.D.3	2025-03-03	0.004812450176304634	0.0019799687046471903	0.010252217167480003
Basel (BS)	A.D.3	2025-03-07	0.0037561821263310383	0.0015857192497252726	0.008728342986814786
Basel (BS)	A.D.3.1	2024-11-18	1.7027123584158947e-05	4.606001595173561e-25	2.825091449413103e-05
Basel (BS)	A.D.3.1	2024-12-09	0.0004283873395883517	2.317956455440849e-24	0.0016356395765045326
Basel (BS)	A.D.3.1	2025-01-01	0.00013972599895868462	5.442042605415294e-21	0.0012932898254624685
Basel (BS)	A.D.3.1	2025-01-12	0.0005667208261808488	4.2374332744314475e-14	0.0015188544935112592
Basel (BS)	A.D.3.1	2025-01-16	0.0005770935784989773	5.428693838426774e-12	0.0014019195316122967
Basel (BS)	A.D.3.1	2025-01-20	0.0005848906147625939	1.0749694679811369e-10	0.001257740143071024
Basel (BS)	A.D.3.1	2025-01-24	0.0006059926570176355	4.853373650991996e-06	0.0012007717201777354
Basel (BS)	A.D.3.1	2025-02-02	0.0007399346219286402	1.5732692463612912e-12	0.0018682216088367109
Basel (BS)	A.D.3.1	2025-02-06	0.0006327370924558685	3.613655440508149e-15	0.0014426423621832966
Basel (BS)	A.D.3.1	2025-02-27	0.0004179770405106149	3.7133476855246966e-16	0.0012043509393316375
Basel (BS)	A.D.3.1	2025-03-03	0.00029938500677952615	7.836455025038846e-17	0.000978280563716221
Basel (BS)	A.D.3.1	2025-03-07	0.00034354417399275937	2.941302739737213e-19	0.0012193081316940941
Basel (BS)	A.D.5.2	2024-11-18	0.8195250104241741	0.0013579323452352304	0.9972193461148148
Basel (BS)	A.D.5.2	2024-12-09	0.0019458183491575319	2.884867337930466e-20	0.007365413668122555
Basel (BS)	A.D.5.2	2025-01-01	0.3619143296568019	0.00403119612241418	0.9856003242141833
Basel (BS)	A.D.5.2	2025-01-12	0.004335447055953321	0.0015674693225092924	0.009803013434943924
Basel (BS)	A.D.5.2	2025-01-16	0.002548847627490526	0.0009537796061985567	0.004676270889445947
Basel (BS)	A.D.5.2	2025-01-20	0.0015827955950417608	0.0006063393185229567	0.0030968658533785357
Basel (BS)	A.D.5.2	2025-01-24	0.0015964046768395324	0.000760284586592091	0.003135550030370476
Basel (BS)	A.D.5.2	2025-02-02	0.0067354860060906884	0.0029961566947447316	0.013088044147833752
Basel (BS)	A.D.5.2	2025-02-06	0.002937207112471518	0.0012943870613825654	0.005376119362113236
Basel (BS)	A.D.5.2	2025-02-27	0.01278633589601277	0.004342296154217101	0.038768279354587924
Basel (BS)	A.D.5.2	2025-03-03	0.003946289740518526	0.0018771259037100281	0.00768141277725332
Basel (BS)	A.D.5.2	2025-03-07	0.002105625976942218	0.0008339647422603944	0.003688652181884321
Basel (BS)	undetermined	2024-11-18	0.12862004374049593	0.002424033458172449	0.9982057486763959
Basel (BS)	undetermined	2024-12-09	0.21381386919492876	3.433439703554636e-26	0.9950616440693403
Basel (BS)	undetermined	2025-01-01	0.4945012548380871	3.764210312852695e-09	0.9793237491612375
Basel (BS)	undetermined	2025-01-12	0.0824144299460743	2.904237324410881e-09	0.2124321789958475
Basel (BS)	undetermined	2025-01-16	0.013071690058387573	6.536408119354195e-19	0.06571988239825544
Basel (BS)	undetermined	2025-01-20	0.0016611799510046113	2.0481355252626838e-18	0.00790865508892533
Basel (BS)	undetermined	2025-01-24	0.0009711808230375676	5.5229429525703436e-17	0.004390350514204934
Basel (BS)	undetermined	2025-02-02	0.14339365035920426	0.001017888490420183	0.42641859734254506
Basel (BS)	undetermined	2025-02-06	0.26336312373928034	1.5291685547890252e-11	0.4577874295146444
Basel (BS)	undetermined	2025-02-27	0.2132972171087058	0.0035220639525950477	0.5077444558812486
Basel (BS)	undetermined	2025-03-03	0.05156063665845541	0.002420838132933527	0.3579243109406874
Basel (BS)	undetermined	2025-03-07	0.011235810243066517	0.0011965941119146378	0.040753534528315066
Chur (GR)	A.D.1	2024-11-24	0.9749300679836022	0.9053886808393335	0.9937259528682418
Chur (GR)	A.D.1	2024-11-30	0.5347307799265129	0.004435788062035675	0.9854858028200908
Chur (GR)	A.D.1	2024-12-03	0.1391097160620573	0.00262615061083497	0.9540240461517202
Chur (GR)	A.D.1	2024-12-07	0.028246844073595533	0.002501510843940443	0.09647004364089727
Chur (GR)	A.D.1	2024-12-13	0.05403789600783099	0.0008886825659468918	0.9404689647721141
Chur (GR)	A.D.1	2024-12-15	0.1279998626541572	0.0006871633606804501	0.9745119816262795
Chur (GR)	A.D.1	2024-12-28	0.8070235422698521	0.002087061758885193	0.9926728499911762
Chur (GR)	A.D.1	2024-12-29	0.8254773529765405	0.00226085833958122	0.992705120430778
Chur (GR)	A.D.1	2025-01-11	0.904476541543506	0.7649652001205489	0.983325673517803
Chur (GR)	A.D.1	2025-01-19	0.9481464159325754	0.8475438741880953	0.9801255588467522
Chur (GR)	A.D.1	2025-01-21	0.9324754338545519	0.830409642860869	0.9687594757157589
Chur (GR)	A.D.1	2025-01-24	0.9165843764379003	0.7856935160794823	0.9581764998343577
Chur (GR)	A.D.1	2025-01-29	0.9338582316066857	0.8497288797386011	0.964377061927883
Chur (GR)	A.D.1	2025-02-01	0.9441275579377517	0.8430318125876485	0.9791987396720941
Chur (GR)	A.D.1	2025-02-06	0.960749333363391	0.8474408227569104	0.9837880978824018
Chur (GR)	A.D.1	2025-02-09	0.9745706806460942	0.9439139326326675	0.9876788768737027
Chur (GR)	A.D.1	2025-02-14	0.9794124573907914	0.9651862227331198	0.9896305622811872
Chur (GR)	A.D.1	2025-02-18	0.9728407580567406	0.927011068087205	0.9885215610301841
Chur (GR)	A.D.1	2025-02-22	0.9594016598632652	0.8609836147030003	0.9836499459721042
Chur (GR)	A.D.1	2025-02-26	0.8839116920109495	0.649981195018024	0.9728989439167083
Chur (GR)	A.D.1	2025-03-02	0.39750082769713885	0.005141403381342227	0.9246350377224173
Chur (GR)	A.D.1	2025-03-06	0.09301508414219473	0.0002679996908904451	0.6345514934659634
Chur (GR)	A.D.1	2025-03-07	0.08544430619132617	0.0001293671137071088	0.3678718730307487
Chur (GR)	A.D.1	2025-03-15	0.10354834486313168	0.0028108987490629836	0.3469449012770153
Chur (GR)	A.D.1	2025-03-23	0.03688266302228207	0.0018057023096776058	0.31648442714171815
Chur (GR)	A.D.1	2025-04-05	0.086940848754657	1.0816412066195684e-11	0.8988970032645062
Chur (GR)	A.D.1	2025-04-07	0.06951716680770204	2.3109660597349373e-15	0.8988171201155566
Chur (GR)	A.D.1	2025-04-13	0.0021905227893062487	5.2390224308913725e-25	0.007457844441341796
Chur (GR)	A.D.1	2025-04-18	0.0008966385030146474	6.036569904622584e-26	0.0033766556817639284
Chur (GR)	A.D.1.4	2024-11-24	0.0008637964607931778	0.00021096290075223338	0.0019822452217386145
Chur (GR)	A.D.1.4	2024-11-30	0.0014641852350683452	0.0004484104957712166	0.0027556184355818
Chur (GR)	A.D.1.4	2024-12-03	0.0018248495532469915	0.0004334933345304164	0.0038526955376462745
Chur (GR)	A.D.1.4	2024-12-07	0.001146535040117475	7.174939550558855e-14	0.0025491147360379466
Chur (GR)	A.D.1.4	2024-12-13	0.0004918706882823866	3.907649852784145e-20	0.0013172998459548052
Chur (GR)	A.D.1.4	2024-12-15	0.0005277106243340257	5.480829350507081e-18	0.0013492487684964615
Chur (GR)	A.D.1.4	2024-12-28	0.0008994682429309024	9.086592855151724e-06	0.002118858321738805
Chur (GR)	A.D.1.4	2024-12-29	0.0008879296277944831	2.962271854809479e-06	0.0021185647444579353
Chur (GR)	A.D.1.4	2025-01-11	0.0014850390455848988	0.00013618407261470057	0.004096410552120409
Chur (GR)	A.D.1.4	2025-01-19	0.0016975978836348935	0.0003754599819749382	0.003490829790786763
Chur (GR)	A.D.1.4	2025-01-21	0.0016162218094259006	0.0004232766956364837	0.003222297429396298
Chur (GR)	A.D.1.4	2025-01-24	0.001658879089137197	0.0004621664040562752	0.002989927792540868
Chur (GR)	A.D.1.4	2025-01-29	0.0017522380262399262	0.0005361757124873761	0.0032828667037089537
Chur (GR)	A.D.1.4	2025-02-01	0.0016240345169755534	0.00021382778546684544	0.0033659479944176157
Chur (GR)	A.D.1.4	2025-02-06	0.00140094641739046	0.0001227649473907207	0.0028787970291352725
Chur (GR)	A.D.1.4	2025-02-09	0.001134265435441078	6.588770609773908e-05	0.0027414853168588444
Chur (GR)	A.D.1.4	2025-02-14	0.0011147062105508687	0.0001402991333589198	0.002277194376763796
Chur (GR)	A.D.1.4	2025-02-18	0.001603709151119899	0.0003482613336508668	0.003451480934923559
Chur (GR)	A.D.1.4	2025-02-22	0.0023600919494263916	0.0007828285289343943	0.0052740048585734585
Chur (GR)	A.D.1.4	2025-02-26	0.0031941502556536473	0.0013925652547160808	0.006383532275647972
Chur (GR)	A.D.1.4	2025-03-02	0.002632391177551671	0.0010613941531240853	0.004694829816193752
Chur (GR)	A.D.1.4	2025-03-06	0.001875090085944742	0.0006636717982029409	0.0036418189919909067
Chur (GR)	A.D.1.4	2025-03-07	0.0019213110346165936	0.0006655705905553691	0.003935034861145365
Chur (GR)	A.D.1.4	2025-03-15	0.0024073619336459117	0.0007202766353224091	0.005294173745992899
Chur (GR)	A.D.1.4	2025-03-23	0.0007265490302952518	6.537384005738899e-12	0.002962613012728797
Chur (GR)	A.D.1.4	2025-04-05	0.0003886844892680813	3.381100244597029e-20	0.0015393565795481954
Chur (GR)	A.D.1.4	2025-04-07	0.000381611851845248	1.2490925242628652e-18	0.0015882484818765432
Chur (GR)	A.D.1.4	2025-04-13	0.0003772628989049859	5.5739240248863744e-21	0.002069875225147538
Chur (GR)	A.D.1.4	2025-04-18	0.00016207727743790823	1.4020869959960584e-25	0.000906957236439553
Chur (GR)	A.D.1.5	2024-11-24	0.0012814013975263943	0.00024066883399532474	0.002726144318966226
Chur (GR)	A.D.1.5	2024-11-30	0.0017277838459940744	0.00018372037692923672	0.003281842903234986
Chur (GR)	A.D.1.5	2024-12-03	0.0015823930397133087	2.1470896958457246e-09	0.0037110577428320986
Chur (GR)	A.D.1.5	2024-12-07	0.00088588467413248	2.5633593738288926e-15	0.0024696277745407708
Chur (GR)	A.D.1.5	2024-12-13	0.0007203841397447996	2.7590343751572136e-13	0.0018700594496496021
Chur (GR)	A.D.1.5	2024-12-15	0.0008597873823827875	1.2578125387833477e-11	0.0021809351500153827
Chur (GR)	A.D.1.5	2024-12-28	0.002246980227728147	0.00021428035142674395	0.006400965695200378
Chur (GR)	A.D.1.5	2024-12-29	0.0024995173393907153	0.00028642254123223307	0.007153289882096857
Chur (GR)	A.D.1.5	2025-01-11	0.08524765305616931	0.007414199114296231	0.22536677147910777
Chur (GR)	A.D.1.5	2025-01-19	0.006787529188774966	0.00199249697335425	0.022482088228765334
Chur (GR)	A.D.1.5	2025-01-21	0.004886069150618703	0.0014958133470156618	0.013890197455514086
Chur (GR)	A.D.1.5	2025-01-24	0.0043951448733326026	0.0015355987967822667	0.009506655650165334
Chur (GR)	A.D.1.5	2025-01-29	0.006819700622925622	0.0024304773331048166	0.014945146419183286
Chur (GR)	A.D.1.5	2025-02-01	0.014850172830951807	0.002462187909162729	0.07180444172086169
Chur (GR)	A.D.1.5	2025-02-06	0.020296191586477715	0.0023107270317810607	0.13452518722677026
Chur (GR)	A.D.1.5	2025-02-09	0.011358045418787554	0.00188164644369069	0.042921840616808184
Chur (GR)	A.D.1.5	2025-02-14	0.010064406379682304	0.0014957565215163828	0.024280546227548442
Chur (GR)	A.D.1.5	2025-02-18	0.015023106560123097	0.0018227711042772654	0.05768195093817788
Chur (GR)	A.D.1.5	2025-02-22	0.020141616178593696	0.00201702597016681	0.09814347152289322
Chur (GR)	A.D.1.5	2025-02-26	0.01173527515569792	0.0025147317660060217	0.042243493695213484
Chur (GR)	A.D.1.5	2025-03-02	0.004384187160880106	0.001450735359902645	0.009467368495597516
Chur (GR)	A.D.1.5	2025-03-06	0.0026819978832724133	0.0004975605205138348	0.008350378589464203
Chur (GR)	A.D.1.5	2025-03-07	0.0027580479979287236	0.0003716515938722191	0.008988451882068331
Chur (GR)	A.D.1.5	2025-03-15	0.003417281403603113	1.3754703379923546e-07	0.01008453533490586
Chur (GR)	A.D.1.5	2025-03-23	0.0009416825356241298	7.318582006217651e-22	0.003684872874469019
Chur (GR)	A.D.1.5	2025-04-05	0.00022011264176244837	2.2509437433003683e-26	0.0015190715484721714
Chur (GR)	A.D.1.5	2025-04-07	0.00040174752741867816	7.042867558363634e-29	0.003250396911813649
Chur (GR)	A.D.1.5	2025-04-13	0.0012304491576830474	1.7043495796483696e-27	0.00722468233464364
Chur (GR)	A.D.1.5	2025-04-18	0.0008870875531505057	7.231634536185488e-26	0.003935528570655252
Chur (GR)	A.D.3	2024-11-24	0.007810007050237549	0.0011595029667419224	0.06426178951043035
Chur (GR)	A.D.3	2024-11-30	0.0826029671344109	0.0030675907900781377	0.6518902534763358
Chur (GR)	A.D.3	2024-12-03	0.4128435227313799	0.010273793436431103	0.9712136293565636
Chur (GR)	A.D.3	2024-12-07	0.9313049889467078	0.15748328111259724	0.9888734389424522
Chur (GR)	A.D.3	2024-12-13	0.8858626293565365	0.01678737719363406	0.9929480958168807
Chur (GR)	A.D.3	2024-12-15	0.7596699001497886	0.011042856731309404	0.9920372013703883
Chur (GR)	A.D.3	2024-12-28	0.058933545237291114	0.0006961729585282606	0.44459142753885605
Chur (GR)	A.D.3	2024-12-29	0.05468608071741847	0.0006586834455861302	0.44414245383327755
Chur (GR)	A.D.3	2025-01-11	0.0034910878190396975	0.0011624939374642075	0.007853024364938881
Chur (GR)	A.D.3	2025-01-19	0.03330289738289346	0.008475573876701286	0.10557476817972994
Chur (GR)	A.D.3	2025-01-21	0.05232922360577437	0.019618223950998884	0.14569454882893357
Chur (GR)	A.D.3	2025-01-24	0.0693176035726692	0.027768062521859406	0.20052721218661795
Chur (GR)	A.D.3	2025-01-29	0.04089881491239725	0.017897040108473844	0.09824228629544834
Chur (GR)	A.D.3	2025-02-01	0.015631228688189686	0.0038700656866026053	0.060898676841582886
Chur (GR)	A.D.3	2025-02-06	0.0056443644195692325	0.0019050240390005658	0.018962187562433383
Chur (GR)	A.D.3	2025-02-09	0.004385598496379657	0.0014686365247205857	0.010960591440198092
Chur (GR)	A.D.3	2025-02-14	0.002599974756476577	0.0007078751026126168	0.005586267918533652
Chur (GR)	A.D.3	2025-02-18	0.0019703182466503134	0.0002330749416753965	0.004122258259389495
Chur (GR)	A.D.3	2025-02-22	0.001975477774293318	0.00033514786561775065	0.004269254251029296
Chur (GR)	A.D.3	2025-02-26	0.0033762940480172314	0.000733664446241068	0.008066554534208945
Chur (GR)	A.D.3	2025-03-02	0.00543797015060297	0.0009868415707998096	0.01364653661654269
Chur (GR)	A.D.3	2025-03-06	0.01585360291203982	0.00032254913348841915	0.14732887050116214
Chur (GR)	A.D.3	2025-03-07	0.01862230556573077	0.00040131043986535875	0.21127059675623547
Chur (GR)	A.D.3	2025-03-15	0.8625484056293287	0.32978787993721703	0.9863142454723032
Chur (GR)	A.D.3	2025-03-23	0.9606227435122736	0.681604633777349	0.9950767562996187
Chur (GR)	A.D.3	2025-04-05	0.30923394891287415	3.121098687992356e-15	0.9891367359938539
Chur (GR)	A.D.3	2025-04-07	0.21628872688062903	5.483403812333198e-10	0.9894058311421657
Chur (GR)	A.D.3	2025-04-13	0.013957334278268887	8.772527936550101e-10	0.0138379954841917
Chur (GR)	A.D.3	2025-04-18	0.0013734455780195812	2.487379512056747e-12	0.003963569710320446
Chur (GR)	A.D.3.1	2024-11-24	0.000400731090283658	9.952851553027174e-17	0.0010978403353692678
Chur (GR)	A.D.3.1	2024-11-30	0.0005698331034319974	2.1105176224344094e-16	0.0016813631888071652
Chur (GR)	A.D.3.1	2024-12-03	0.0009302703863788144	2.367030632986772e-14	0.002839489514547585
Chur (GR)	A.D.3.1	2024-12-07	0.0007833684516209558	2.251345744201426e-11	0.0026226026969045253
Chur (GR)	A.D.3.1	2024-12-13	0.00034702203812612644	8.990290309224952e-15	0.0012375573277049604
Chur (GR)	A.D.3.1	2024-12-15	0.00030528083424530744	3.615295325874431e-17	0.0011517955754579944
Chur (GR)	A.D.3.1	2024-12-28	0.00032926926049333435	2.3479897106204035e-14	0.0011930321500142297
Chur (GR)	A.D.3.1	2024-12-29	0.0003209424563250143	6.766270524740492e-13	0.0011735304923354611
Chur (GR)	A.D.3.1	2025-01-11	0.0003707139897732823	2.6433895515530444e-17	0.0011691271150493813
Chur (GR)	A.D.3.1	2025-01-19	0.0006869464140959259	3.277005953200697e-11	0.0014653378292379682
Chur (GR)	A.D.3.1	2025-01-21	0.0007353403533582886	3.376161353396061e-08	0.0015540689782122864
Chur (GR)	A.D.3.1	2025-01-24	0.000840992966518822	2.958917414528393e-05	0.0017363177173384853
Chur (GR)	A.D.3.1	2025-01-29	0.0005674410322459133	4.601644002655313e-12	0.0017175411150804423
Chur (GR)	A.D.3.1	2025-02-01	0.00033336433828698165	2.8956558613587815e-17	0.0013332748286695101
Chur (GR)	A.D.3.1	2025-02-06	0.00029727407118714894	2.849631598700631e-19	0.0013796479206604347
Chur (GR)	A.D.3.1	2025-02-09	0.0003493799164453257	5.653570199509859e-19	0.0014434833456803994
Chur (GR)	A.D.3.1	2025-02-14	0.0004825640166072313	1.064517216977328e-16	0.001385266968247188
Chur (GR)	A.D.3.1	2025-02-18	0.0006373854273183407	2.0570434392420872e-11	0.00148741050461485
Chur (GR)	A.D.3.1	2025-02-22	0.0007933942919358856	5.4239449018095053e-08	0.0017417023187742014
Chur (GR)	A.D.3.1	2025-02-26	0.0009736485465352155	6.381626213384713e-08	0.0020139716749442275
Chur (GR)	A.D.3.1	2025-03-02	0.0007995430558011897	8.350487420222204e-11	0.0019128353668610505
Chur (GR)	A.D.3.1	2025-03-06	0.0006864207163497456	8.58703764485775e-11	0.0019955916037649227
Chur (GR)	A.D.3.1	2025-03-07	0.0006982481184586289	1.0432817753702358e-12	0.002190056910248601
Chur (GR)	A.D.3.1	2025-03-15	0.00048377704282169927	4.5228375730619996e-10	0.0012229964117258844
Chur (GR)	A.D.3.1	2025-03-23	0.00023197395076618142	2.674256690988835e-15	0.0011041695235352216
Chur (GR)	A.D.3.1	2025-04-05	1.7381872060566614e-05	3.7915355478836717e-26	0.0002404287652313199
Chur (GR)	A.D.3.1	2025-04-07	5.095205442769158e-06	1.8043185143726997e-21	6.366514105138278e-05
Chur (GR)	A.D.3.1	2025-04-13	4.8718886389469524e-05	8.624137817548958e-19	0.0004713241400681654
Chur (GR)	A.D.3.1	2025-04-18	0.0001751405191577746	1.1238540752053405e-16	0.0010249813936996882
Chur (GR)	A.D.5.2	2024-11-24	0.0009998605961475645	0.0003594998231322	0.002010341787150972
Chur (GR)	A.D.5.2	2024-11-30	0.0025711107173441564	0.00140218682426172	0.004458139328614118
Chur (GR)	A.D.5.2	2024-12-03	0.003596036384607147	0.0016798683934062175	0.0067560416420937115
Chur (GR)	A.D.5.2	2024-12-07	0.001310883726689238	5.179238551893637e-05	0.0029616675354896755
Chur (GR)	A.D.5.2	2024-12-13	0.0003587734093017759	1.0759839626311717e-17	0.0010019827943825834
Chur (GR)	A.D.5.2	2024-12-15	0.00043293123987100566	3.318029020308394e-17	0.0011729249351825647
Chur (GR)	A.D.5.2	2024-12-28	0.0003978148208322207	9.822989698321202e-18	0.0014440912484732016
Chur (GR)	A.D.5.2	2024-12-29	0.00039872719842230737	5.759482197244772e-19	0.0014651341566558503
Chur (GR)	A.D.5.2	2025-01-11	0.0014869549964807616	0.0006485628040890757	0.0027762856708868234
Chur (GR)	A.D.5.2	2025-01-19	0.0020961083475437986	0.0008691680368136592	0.003448539886526686
Chur (GR)	A.D.5.2	2025-01-21	0.0018336676809314989	0.0007445971701748766	0.003045868632258889
Chur (GR)	A.D.5.2	2025-01-24	0.0016060892803200757	0.0005985652396523025	0.002942560032119067
Chur (GR)	A.D.5.2	2025-01-29	0.001550538649374453	0.0006965678704378957	0.00281528301474424
Chur (GR)	A.D.5.2	2025-02-01	0.0015595606830380443	0.0006138618233664522	0.002984243906275567
Chur (GR)	A.D.5.2	2025-02-06	0.0020036075380794084	0.0008880880052329505	0.00406934745924093
Chur (GR)	A.D.5.2	2025-02-09	0.0020707563367514835	0.0008963907682096021	0.003931706554785307
Chur (GR)	A.D.5.2	2025-02-14	0.0022426838175528987	0.0011500756395765883	0.0038276669194869345
Chur (GR)	A.D.5.2	2025-02-18	0.003265280418249647	0.001855801948100769	0.005242779963481188
Chur (GR)	A.D.5.2	2025-02-22	0.005529937970235701	0.003161412109129822	0.009633866658742224
Chur (GR)	A.D.5.2	2025-02-26	0.015038917812005217	0.005185249059810762	0.030796656236972485
Chur (GR)	A.D.5.2	2025-03-02	0.08994024857902672	0.0072268277165836	0.4745286251924793
Chur (GR)	A.D.5.2	2025-03-06	0.25998784306239725	0.00727737489918344	0.9567903827838594
Chur (GR)	A.D.5.2	2025-03-07	0.2567587927402258	0.007084305217229504	0.955574471644725
Chur (GR)	A.D.5.2	2025-03-15	0.0033928263091888896	0.0012215164150435145	0.006443455340028856
Chur (GR)	A.D.5.2	2025-03-23	0.00023111639592521914	2.4956635313577036e-29	0.0010916807477956935
Chur (GR)	A.D.5.2	2025-04-05	0.21761885505160347	0.002447792375952408	0.9930331392995715
Chur (GR)	A.D.5.2	2025-04-07	0.4491653189221742	0.0036120755330243844	0.9955337055615173
Chur (GR)	A.D.5.2	2025-04-13	0.9814101861903554	0.9799937408416594	0.9956686531496659
Chur (GR)	A.D.5.2	2025-04-18	0.9961211118516856	0.9935981308405633	0.9980140349413117
Chur (GR)	undetermined	2024-11-24	0.013714135421409552	1.3396016747597226e-11	0.0736368042674547
Chur (GR)	undetermined	2024-11-30	0.3763333400372377	0.0007398824706455648	0.975595946715692
Chur (GR)	undetermined	2024-12-03	0.44011321184261654	0.00018300554240832979	0.9716156212519907
Chur (GR)	undetermined	2024-12-07	0.036321495087136536	6.89163535123679e-22	0.5802222449109267
Chur (GR)	undetermined	2024-12-13	0.05818142436017742	5.360763757118668e-20	0.9699060108522312
Chur (GR)	undetermined	2024-12-15	0.11020452711522105	2.538234954504362e-19	0.9816261648273443
Chur (GR)	undetermined	2024-12-28	0.13016937994087222	5.442854534636343e-31	0.9886820214116091
Chur (GR)	undetermined	2024-12-29	0.11572944968410863	4.5480260123209936e-29	0.9879865338104001
Chur (GR)	undetermined	2025-01-11	0.003442009549446064	2.700855479193246e-13	0.009905096808621566
Chur (GR)	undetermined	2025-01-19	0.007282504850481442	1.6533577454416198e-13	0.038739754612499844
Chur (GR)	undetermined	2025-01-21	0.006124043545339346	1.420497485033426e-15	0.030452764467398065
Chur (GR)	undetermined	2025-01-24	0.005596913780121904	9.013232306562832e-16	0.02442218272555413
Chur (GR)	undetermined	2025-01-29	0.014553035150131137	0.00155555987327116	0.05285547706802731
Chur (GR)	undetermined	2025-02-01	0.021874081004806097	0.002374639378464112	0.06817845630938876
Chur (GR)	undetermined	2025-02-06	0.009608282603905099	0.0022818091750995318	0.029262542526519005
Chur (GR)	undetermined	2025-02-09	0.006131273750100737	0.0008619166294683213	0.013110184488004002
Chur (GR)	undetermined	2025-02-14	0.004083207428338692	1.104655527418379e-12	0.008504775292175411
Chur (GR)	undetermined	2025-02-18	0.0046594421397981025	1.060633109459823e-10	0.010271355812359044
Chur (GR)	undetermined	2025-02-22	0.009797821972249838	0.0007586276314640642	0.02700499972423356
Chur (GR)	undetermined	2025-02-26	0.08177002217114118	0.003416803575195938	0.24679187618674492
Chur (GR)	undetermined	2025-03-02	0.49930483217899857	0.0028677975737256244	0.9704116290974715
Chur (GR)	undetermined	2025-03-06	0.6258999611978012	0.003284994502216518	0.9824186398447445
Chur (GR)	undetermined	2025-03-07	0.6337969883517133	0.0036092968810832143	0.9825903788792517
Chur (GR)	undetermined	2025-03-15	0.02420200281828005	4.1341590822014926e-24	0.3416321426657136
Chur (GR)	undetermined	2025-03-23	0.00036327155283353446	8.554688697462514e-28	0.003452195323211101
Chur (GR)	undetermined	2025-04-05	0.3855801682777743	7.850973428124091e-23	0.9916619683037448
Chur (GR)	undetermined	2025-04-07	0.26424033280478804	2.2616350702654715e-22	0.9880433664286197
Chur (GR)	undetermined	2025-04-13	0.0007855257990920838	1.7827865711297892e-26	0.006658472814803215
Chur (GR)	undetermined	2025-04-18	0.00038449871753401895	2.7990161333022532e-21	0.002689258629878651
Genève (GE)	A.D.1	2024-11-26	0.545558583835004	0.024935306309843773	0.9682880972164384
Genève (GE)	A.D.1	2024-11-30	0.545788273228197	0.1551037833088244	0.9581155641381295
Genève (GE)	A.D.1	2024-12-01	0.5514692160755066	0.2009098476617704	0.9256383857115362
Genève (GE)	A.D.1	2024-12-04	0.5423557116857062	0.28140742661123186	0.7138526338968946
Genève (GE)	A.D.1	2024-12-09	0.4816082008945587	0.2602243042979087	0.6705611397179299
Genève (GE)	A.D.1	2024-12-12	0.44484670333518755	0.2261570216681297	0.5732653971625746
Genève (GE)	A.D.1	2024-12-14	0.4178421735646499	0.19067057616979793	0.5438396016090089
Genève (GE)	A.D.1	2024-12-16	0.39374375981363663	0.15390819255644386	0.5277549977628407
Genève (GE)	A.D.1	2024-12-18	0.3709121582653986	0.09994316937024385	0.5235270322833151
Genève (GE)	A.D.1	2024-12-19	0.35759321026033036	0.07712461041725932	0.5214224238627179
Genève (GE)	A.D.1	2024-12-24	0.3305716444512985	0.08148018505581316	0.521532169934145
Genève (GE)	A.D.1	2024-12-28	0.35749780157992644	0.1357171347468196	0.5554301918273451
Genève (GE)	A.D.1	2024-12-29	0.3746188395317377	0.13641005696895767	0.5670054509505211
Genève (GE)	A.D.1	2025-01-01	0.4357148383468948	0.13637964666628175	0.597510679729331
Genève (GE)	A.D.1	2025-01-04	0.49593179979687885	0.23506884756982344	0.6163026228412714
Genève (GE)	A.D.1	2025-01-09	0.5823036398195293	0.35558826487203893	0.7951320771104419
Genève (GE)	A.D.1	2025-01-12	0.6054883768510549	0.3095103223043886	0.8255898874363897
Genève (GE)	A.D.1	2025-01-16	0.6030448438777127	0.4201462095367219	0.9004735847389514
Genève (GE)	A.D.1	2025-01-20	0.5974012379191097	0.47029656120784863	0.9086585752154039
Genève (GE)	A.D.1	2025-01-21	0.582157137144112	0.18920843877252363	0.8936159498138997
Genève (GE)	A.D.1	2025-01-25	0.462347980860805	0.009573820957169542	0.700008123493669
Genève (GE)	A.D.1	2025-01-29	0.3154475169007207	0.0013306528008703376	0.658668412005357
Genève (GE)	A.D.1	2025-02-02	0.49323444705323716	0.007434262070410831	0.8006685857818003
Genève (GE)	A.D.1	2025-02-10	0.9576942304626904	0.6635736986512211	0.9918488733291908
Genève (GE)	A.D.1	2025-02-11	0.9657980859534316	0.6669094346508895	0.9923211415920073
Genève (GE)	A.D.1	2025-02-12	0.970192171905047	0.6731590011451197	0.9925514961451594
Genève (GE)	A.D.1	2025-02-18	0.983641673154402	0.9692144758080619	0.9928869415784497
Genève (GE)	A.D.1	2025-02-20	0.9795582486214137	0.9490916829355767	0.992525226339157
Genève (GE)	A.D.1	2025-03-03	0.003369316470212162	0.0005836620339343683	0.009395871599006582
Genève (GE)	A.D.1	2025-03-06	0.0037233629322590044	1.4861165696961103e-05	0.012460036822589785
Genève (GE)	A.D.1	2025-03-08	0.003882845229201975	2.941345624761598e-11	0.012925206872814596
Genève (GE)	A.D.1	2025-03-16	0.004602371447636036	4.322411064838257e-17	0.014513564174705397
Genève (GE)	A.D.1	2025-03-18	0.012438812570453761	1.4510573049674466e-17	0.019901908130090747
Genève (GE)	A.D.1.4	2024-11-26	0.0009659556363141302	8.986438369246407e-11	0.002111316027167853
Genève (GE)	A.D.1.4	2024-11-30	0.0009236075868454218	1.2856596697502807e-12	0.001977493721350411
Genève (GE)	A.D.1.4	2024-12-01	0.0009746841645952424	1.889309789977883e-08	0.002005167052108167
Genève (GE)	A.D.1.4	2024-12-04	0.0012489886661999705	9.617461399610135e-05	0.002319844765039562
Genève (GE)	A.D.1.4	2024-12-09	0.0015073843565433253	0.00018293139453964987	0.003387958160828938
Genève (GE)	A.D.1.4	2024-12-12	0.0014304293049723846	0.00018829279184128835	0.0035552369931122923
Genève (GE)	A.D.1.4	2024-12-14	0.0014108123856135502	0.00015591061495731387	0.003621527019554747
Genève (GE)	A.D.1.4	2024-12-16	0.0014616044089000115	0.00027397789040511136	0.00394335400856651
Genève (GE)	A.D.1.4	2024-12-18	0.0015443997789218512	0.00039717168793414296	0.0041614377763584945
Genève (GE)	A.D.1.4	2024-12-19	0.0015913901081959206	0.0004544217724330488	0.004115060585878904
Genève (GE)	A.D.1.4	2024-12-24	0.0014393791410500713	0.0004457959448520372	0.002954965933794054
Genève (GE)	A.D.1.4	2024-12-28	0.0010787963294900667	0.00028023912193982363	0.0021909251113837224
Genève (GE)	A.D.1.4	2024-12-29	0.0010055230952932225	0.00023564670593136778	0.0020254274739558756
Genève (GE)	A.D.1.4	2025-01-01	0.0008478295209356141	6.584143793830605e-06	0.0018140005220240955
Genève (GE)	A.D.1.4	2025-01-04	0.0007253451906239543	2.448895033116902e-11	0.0016781863853845079
Genève (GE)	A.D.1.4	2025-01-09	0.000630972920482033	2.3140010168393534e-10	0.0014966996669857286
Genève (GE)	A.D.1.4	2025-01-12	0.0007581133671802933	1.5151116912317634e-09	0.0016763516681994833
Genève (GE)	A.D.1.4	2025-01-16	0.0010733880380269297	0.0002522768137550466	0.0020043403705527407
Genève (GE)	A.D.1.4	2025-01-20	0.0015934607283088298	0.0005383428808885041	0.0032073261574433513
Genève (GE)	A.D.1.4	2025-01-21	0.0017443613362364688	0.0006447420798605114	0.0035538432584568194
Genève (GE)	A.D.1.4	2025-01-25	0.0022890788958580682	0.000687032526078164	0.005397251371832303
Genève (GE)	A.D.1.4	2025-01-29	0.0033306686315392113	0.0010689358078672742	0.007388114806889979
Genève (GE)	A.D.1.4	2025-02-02	0.004186013537887256	0.0014167350391398647	0.007908752033017892
Genève (GE)	A.D.1.4	2025-02-10	0.000591806184109159	0.00018205259459736956	0.0011059736471410618
Genève (GE)	A.D.1.4	2025-02-11	0.0005462009634989617	0.00016565699185029444	0.0010382538017208562
Genève (GE)	A.D.1.4	2025-02-12	0.0005217387954683265	0.000147418067277086	0.0010082719459950716
Genève (GE)	A.D.1.4	2025-02-18	0.0006030664143803073	0.00014550173475655565	0.0012426080921626407
Genève (GE)	A.D.1.4	2025-02-20	0.000629529258831852	4.363183817273155e-05	0.0014234692291505663
Genève (GE)	A.D.1.4	2025-03-03	5.988482915389984e-05	5.373712422306838e-33	0.0003991242510272226
Genève (GE)	A.D.1.4	2025-03-06	0.00010851625221279339	3.213321132186791e-26	0.0006933532856525521
Genève (GE)	A.D.1.4	2025-03-08	0.0002206256019524357	1.165029029590842e-19	0.0010714160803376631
Genève (GE)	A.D.1.4	2025-03-16	0.0006173141744173923	1.6696816134854502e-10	0.001767141522350331
Genève (GE)	A.D.1.4	2025-03-18	0.0007199166981615359	3.748959285164971e-12	0.0020798906491499487
Genève (GE)	A.D.1.5	2024-11-26	0.004363078511997936	0.0012514037306630564	0.011356150575941202
Genève (GE)	A.D.1.5	2024-11-30	0.004076642178420366	0.001726736244437187	0.008846151351140422
Genève (GE)	A.D.1.5	2024-12-01	0.004151252259123282	0.0018373696767194066	0.00820196471240167
Genève (GE)	A.D.1.5	2024-12-04	0.004752910187924694	0.002154579881097426	0.011718452654803247
Genève (GE)	A.D.1.5	2024-12-09	0.007249048626286849	0.002491305129927248	0.02689790316917207
Genève (GE)	A.D.1.5	2024-12-12	0.01016000424601175	0.0025529550110907715	0.04460220122028362
Genève (GE)	A.D.1.5	2024-12-14	0.01181579480351293	0.002242042754896785	0.05002932288635599
Genève (GE)	A.D.1.5	2024-12-16	0.011265294455449902	0.002093223827432144	0.041049633177551705
Genève (GE)	A.D.1.5	2024-12-18	0.009604149004747741	0.0020432705126081988	0.02271156708418346
Genève (GE)	A.D.1.5	2024-12-19	0.00863018660778186	0.0021381241582735305	0.017065372816283196
Genève (GE)	A.D.1.5	2024-12-24	0.005125869507335724	0.0020397534014158386	0.009476473977247032
Genève (GE)	A.D.1.5	2024-12-28	0.004714881811447654	0.0022576983486921926	0.010418751568910164
Genève (GE)	A.D.1.5	2024-12-29	0.004948542312219266	0.0023697872813351496	0.01059968241569235
Genève (GE)	A.D.1.5	2025-01-01	0.0068973049077815955	0.0027352555529606107	0.012573343569840372
Genève (GE)	A.D.1.5	2025-01-04	0.011382421422430521	0.0032891304477321416	0.02424298324717522
Genève (GE)	A.D.1.5	2025-01-09	0.00958564675166564	0.0030825795268749033	0.021095928599380212
Genève (GE)	A.D.1.5	2025-01-12	0.004581516498177398	0.0018748287083321237	0.009101723999455276
Genève (GE)	A.D.1.5	2025-01-16	0.002316939393461963	0.0009406008012411618	0.004604911155683532
Genève (GE)	A.D.1.5	2025-01-20	0.0020352402547309458	0.000749845345335193	0.004083215482978326
Genève (GE)	A.D.1.5	2025-01-21	0.0021228067952231765	0.0007270874814216101	0.004494161901673576
Genève (GE)	A.D.1.5	2025-01-25	0.0026466409794510134	0.0005575405550843935	0.005881543290256194
Genève (GE)	A.D.1.5	2025-01-29	0.003812547167316821	0.0005680106255745148	0.010132308228765662
Genève (GE)	A.D.1.5	2025-02-02	0.005645148828111568	0.0015773046774374367	0.014600236423728935
Genève (GE)	A.D.1.5	2025-02-10	0.0010821364825820752	0.0002086484911448515	0.0020193898182662017
Genève (GE)	A.D.1.5	2025-02-11	0.0009955506271575258	0.000143182023088988	0.0019567307194276475
Genève (GE)	A.D.1.5	2025-02-12	0.0009361969780919984	7.827990418119361e-05	0.001920685805160347
Genève (GE)	A.D.1.5	2025-02-18	0.0007864816965008282	3.1847340512040143e-07	0.0015674754848720054
Genève (GE)	A.D.1.5	2025-02-20	0.0007147268633891422	3.254958863940176e-11	0.0016163436343813611
Genève (GE)	A.D.1.5	2025-03-03	0.000324029444636902	2.1314995142286736e-31	0.001275004490623138
Genève (GE)	A.D.1.5	2025-03-06	0.0005915649298923372	9.228051379971626e-27	0.0021680709327721362
Genève (GE)	A.D.1.5	2025-03-08	0.001040195716944385	1.757798848821941e-12	0.00334381738225805
Genève (GE)	A.D.1.5	2025-03-16	0.0015272381768683093	0.00014315917137209242	0.004626525930631155
Genève (GE)	A.D.1.5	2025-03-18	0.001740679905060285	8.796496262491104e-05	0.005401794799653576
Genève (GE)	A.D.3	2024-11-26	0.3848408256819545	0.012381782436644942	0.8681001680991635
Genève (GE)	A.D.3	2024-11-30	0.38149454871747956	0.022146290061170613	0.6105891223099086
Genève (GE)	A.D.3	2024-12-01	0.3708028689022194	0.028492901794050115	0.6051346675714558
Genève (GE)	A.D.3	2024-12-04	0.34981182116513077	0.1677983771220906	0.5291677027476204
Genève (GE)	A.D.3	2024-12-09	0.3539919443360228	0.24788817960626414	0.47037379193697854
Genève (GE)	A.D.3	2024-12-12	0.3800946237968245	0.2577899532087784	0.5168533418625317
Genève (GE)	A.D.3	2024-12-14	0.3965165656183512	0.2635162230922395	0.5470803884005878
Genève (GE)	A.D.3	2024-12-16	0.4073659863164643	0.26430273404313576	0.5690338918741449
Genève (GE)	A.D.3	2024-12-18	0.41413974967065487	0.23165477184284686	0.6029341654506571
Genève (GE)	A.D.3	2024-12-19	0.4146270984290056	0.21413259070187188	0.6154224125781999
Genève (GE)	A.D.3	2024-12-24	0.39270323929984136	0.10169210282793956	0.5949912517689651
Genève (GE)	A.D.3	2024-12-28	0.3785159245178064	0.03324913436966237	0.5568677544786104
Genève (GE)	A.D.3	2024-12-29	0.3776267983003412	0.03352367165076571	0.5589913142782622
Genève (GE)	A.D.3	2025-01-01	0.37933505114399096	0.07366514496324704	0.5535581959415242
Genève (GE)	A.D.3	2025-01-04	0.37194288655549984	0.14063567669126226	0.5487789260373399
Genève (GE)	A.D.3	2025-01-09	0.3491732605704067	0.1647147298158145	0.5762700030857266
Genève (GE)	A.D.3	2025-01-12	0.36201728462500815	0.1451475821740142	0.6746355368580073
Genève (GE)	A.D.3	2025-01-16	0.3803971256463123	0.09116891076599822	0.5701947325526819
Genève (GE)	A.D.3	2025-01-20	0.3760621852861159	0.07409745187523074	0.5172682294467873
Genève (GE)	A.D.3	2025-01-21	0.38195150869477923	0.07022937047569998	0.7984843888184231
Genève (GE)	A.D.3	2025-01-25	0.42158979705522576	0.019421588165698382	0.9554559561927728
Genève (GE)	A.D.3	2025-01-29	0.5424603096516206	0.06399026604650628	0.9739877208073469
Genève (GE)	A.D.3	2025-02-02	0.3294737465057417	0.0215358001000961	0.8999167061309608
Genève (GE)	A.D.3	2025-02-10	0.010508584863751492	0.0021395959260761795	0.020175661033169662
Genève (GE)	A.D.3	2025-02-11	0.009309012390924321	0.001933605099459188	0.01636819584784495
Genève (GE)	A.D.3	2025-02-12	0.008346839518793314	0.0017338221445268877	0.013185516316534227
Genève (GE)	A.D.3	2025-02-18	0.003543165247477289	0.0009551322874684966	0.007519211308518438
Genève (GE)	A.D.3	2025-02-20	0.004056843468463652	0.0008737914468997361	0.00870713562807347
Genève (GE)	A.D.3	2025-03-03	0.9896123281688098	0.9767366263727058	0.9950583308387922
Genève (GE)	A.D.3	2025-03-06	0.976118521630559	0.9686676242316967	0.9944709809473055
Genève (GE)	A.D.3	2025-03-08	0.9574157499205361	0.48719948426231235	0.9933758072553321
Genève (GE)	A.D.3	2025-03-16	0.8675114796666229	0.006352256819299108	0.9942137608276939
Genève (GE)	A.D.3	2025-03-18	0.8027331326526073	0.00551338551646345	0.9943356806041214
Genève (GE)	A.D.3.1	2024-11-26	0.001437704535762333	0.0002968104869831273	0.0035259043355114258
Genève (GE)	A.D.3.1	2024-11-30	0.0012795661455095029	0.00020246129770123503	0.002982060002751671
Genève (GE)	A.D.3.1	2024-12-01	0.0013020447398690823	0.00021495416046437164	0.002977492637813664
Genève (GE)	A.D.3.1	2024-12-04	0.0014481846860334594	0.0002724189954373574	0.003087068637221151
Genève (GE)	A.D.3.1	2024-12-09	0.0014241780251491277	0.0003037404272249469	0.0029419144079730415
Genève (GE)	A.D.3.1	2024-12-12	0.001266032759474707	0.00022090430853580773	0.002588786137149588
Genève (GE)	A.D.3.1	2024-12-14	0.0012476039315447447	0.00021539421800030592	0.0026886505601621856
Genève (GE)	A.D.3.1	2024-12-16	0.001337462943241796	0.0002324175734677884	0.0029787741199349656
Genève (GE)	A.D.3.1	2024-12-18	0.0015039237180173512	0.0002553536918434796	0.0031522954208323246
Genève (GE)	A.D.3.1	2024-12-19	0.001600471906427697	0.0002664514561197387	0.003244089023448706
Genève (GE)	A.D.3.1	2024-12-24	0.0016304084662230084	0.0003697815590737141	0.003053162605505763
Genève (GE)	A.D.3.1	2024-12-28	0.0013767646384838577	0.00046082492604328413	0.0027454593175506815
Genève (GE)	A.D.3.1	2024-12-29	0.0013623441405812631	0.0004996968054284445	0.0027881136972881314
Genève (GE)	A.D.3.1	2025-01-01	0.0014430470891513517	0.00045080975189969527	0.003169511745961617
Genève (GE)	A.D.3.1	2025-01-04	0.0015786855777521057	0.00045081285163526234	0.0037073659389077096
Genève (GE)	A.D.3.1	2025-01-09	0.0014400047841530068	0.000407011140407018	0.0029340252039964034
Genève (GE)	A.D.3.1	2025-01-12	0.0011808931264941404	0.0003228803047992393	0.0021200837600662335
Genève (GE)	A.D.3.1	2025-01-16	0.0009173474879989181	0.00020864801459139024	0.0015494025349675421
Genève (GE)	A.D.3.1	2025-01-20	0.0008876266551249821	7.034953190860446e-05	0.0017002189594031254
Genève (GE)	A.D.3.1	2025-01-21	0.0009045414210650765	5.622080265755874e-08	0.0018403004657999253
Genève (GE)	A.D.3.1	2025-01-25	0.001086041274876241	7.2480791261211765e-12	0.0029513739720640622
Genève (GE)	A.D.3.1	2025-01-29	0.00173424033829468	5.57353077114974e-11	0.005262866259235744
Genève (GE)	A.D.3.1	2025-02-02	0.0022897740239752667	4.2716709620328715e-10	0.005847692467879827
Genève (GE)	A.D.3.1	2025-02-10	0.0005024471070764289	9.873433329061349e-14	0.0010989134530485908
Genève (GE)	A.D.3.1	2025-02-11	0.00048549065500862984	1.8031991138378245e-10	0.0010272360937095433
Genève (GE)	A.D.3.1	2025-02-12	0.000483608592801868	4.214685935417344e-13	0.0009950128894410722
Genève (GE)	A.D.3.1	2025-02-18	0.0005554041620985377	3.001747123417908e-14	0.0014329285313926545
Genève (GE)	A.D.3.1	2025-02-20	0.0005349543111082826	2.065918297465226e-15	0.0016399812489298823
Genève (GE)	A.D.3.1	2025-03-03	0.001084363496869893	5.004505291131126e-12	0.0034412150789982494
Genève (GE)	A.D.3.1	2025-03-06	0.0009559777286836846	1.6960953160861413e-11	0.003220205489644136
Genève (GE)	A.D.3.1	2025-03-08	0.001006577244343215	4.2042146114242897e-13	0.00305696728614872
Genève (GE)	A.D.3.1	2025-03-16	0.0009631568640130837	6.853243545678055e-11	0.0029815983673445743
Genève (GE)	A.D.3.1	2025-03-18	0.0009962338222527392	3.438494938071115e-11	0.0030658032694339922
Genève (GE)	A.D.5.2	2024-11-26	0.003197167961142515	0.0014282303044430209	0.005695136254633274
Genève (GE)	A.D.5.2	2024-11-30	0.004240870706631023	0.001939597490346143	0.0068458439152553775
Genève (GE)	A.D.5.2	2024-12-01	0.004938257233165937	0.0022567324843653295	0.00808555309293361
Genève (GE)	A.D.5.2	2024-12-04	0.008966868701053154	0.004044285295984867	0.017629871663199216
Genève (GE)	A.D.5.2	2024-12-09	0.016544662392710817	0.005485037761388273	0.04087739265765929
Genève (GE)	A.D.5.2	2024-12-12	0.01313029658272256	0.004648112871545626	0.027810567565803974
Genève (GE)	A.D.5.2	2024-12-14	0.01055735340713434	0.004301000966826808	0.021192327874487733
Genève (GE)	A.D.5.2	2024-12-16	0.0091741810220588	0.003982736947827368	0.018529079444842087
Genève (GE)	A.D.5.2	2024-12-18	0.008525947544999697	0.0040243871444519625	0.01568434011215202
Genève (GE)	A.D.5.2	2024-12-19	0.008318018374999143	0.004112762396759993	0.015013167389205334
Genève (GE)	A.D.5.2	2024-12-24	0.006218553760375291	0.0035816131583162854	0.011415148798216023
Genève (GE)	A.D.5.2	2024-12-28	0.004220388542146356	0.002333851215744662	0.007947403875587913
Genève (GE)	A.D.5.2	2024-12-29	0.0039280533437861705	0.002191247617816935	0.007469808850611795
Genève (GE)	A.D.5.2	2025-01-01	0.00338953638379212	0.0019434061807454266	0.006032561583220282
Genève (GE)	A.D.5.2	2025-01-04	0.0029288597413627392	0.0017040301370093282	0.004703758660012658
Genève (GE)	A.D.5.2	2025-01-09	0.0019541528552151012	0.0010634622093490648	0.0034936470152985896
Genève (GE)	A.D.5.2	2025-01-12	0.0017766353855788416	0.0009316908174549045	0.0031932226510543015
Genève (GE)	A.D.5.2	2025-01-16	0.0024049462487923685	0.0013544690063352894	0.004442799513987895
Genève (GE)	A.D.5.2	2025-01-20	0.0043184974680826015	0.0023748105204426887	0.00811100519603661
Genève (GE)	A.D.5.2	2025-01-21	0.004938063692920065	0.0026638746706378	0.009486953531240598
Genève (GE)	A.D.5.2	2025-01-25	0.006661108958660388	0.0030859064214872342	0.014665409621263037
Genève (GE)	A.D.5.2	2025-01-29	0.007086663022085546	0.002919418303030723	0.01778536889468798
Genève (GE)	A.D.5.2	2025-02-02	0.006971666511286699	0.0033275270806163403	0.01338416638192312
Genève (GE)	A.D.5.2	2025-02-10	0.0010984507978208918	0.00037978021610656225	0.002197443310048917
Genève (GE)	A.D.5.2	2025-02-11	0.0010003483594217231	0.00033677192214657116	0.0020315864101794097
Genève (GE)	A.D.5.2	2025-02-12	0.0009387650336571572	0.00031647393152969914	0.0019294920702298312
Genève (GE)	A.D.5.2	2025-02-18	0.0009402493612331522	0.00019628965178420787	0.0019901051214904195
Genève (GE)	A.D.5.2	2025-02-20	0.0009498189307952853	1.7006626747866902e-05	0.002220582335668666
Genève (GE)	A.D.5.2	2025-03-03	0.00043143994594516366	1.722677746612538e-13	0.0012831542489491203
Genève (GE)	A.D.5.2	2025-03-06	0.0005275145940435067	4.934365153522648e-13	0.0013827961944978251
Genève (GE)	A.D.5.2	2025-03-08	0.0005760026100625336	1.1950159654898568e-15	0.001526429593786434
Genève (GE)	A.D.5.2	2025-03-16	0.0003819375664266935	1.1797300945052575e-19	0.0016727674925387317
Genève (GE)	A.D.5.2	2025-03-18	0.00042004110867218514	5.748780962571141e-20	0.0018502096796221001
Genève (GE)	undetermined	2024-11-26	0.05963668383782464	3.0559278935478804e-19	0.7006508875866585
Genève (GE)	undetermined	2024-11-30	0.06219649143691711	2.2037945635761326e-17	0.491225728829524
Genève (GE)	undetermined	2024-12-01	0.0663616766255205	2.696075776882702e-14	0.48682910943795066
Genève (GE)	undetermined	2024-12-04	0.09141551490795172	2.082278440925678e-13	0.40370160502558994
Genève (GE)	undetermined	2024-12-09	0.13767458136872837	0.008248363376396317	0.4328618961963964
Genève (GE)	undetermined	2024-12-12	0.14907190997480646	0.011052115743357958	0.41074922480522735
Genève (GE)	undetermined	2024-12-14	0.1606096962891934	0.013251694038091639	0.4380403554303518
Genève (GE)	undetermined	2024-12-16	0.17565171104024863	0.011356045381405437	0.48914593927630884
Genève (GE)	undetermined	2024-12-18	0.19376967201725998	0.01207630933474528	0.5175986249326373
Genève (GE)	undetermined	2024-12-19	0.20763962431325947	0.012383577760010046	0.5187864153935577
Genève (GE)	undetermined	2024-12-24	0.262310905373876	0.014522068846473588	0.580531131960585
Genève (GE)	undetermined	2024-12-28	0.25259544258069916	0.006338083408174622	0.5922493739354633
Genève (GE)	undetermined	2024-12-29	0.23650989927604127	0.004257721645912273	0.6027161917938783
Genève (GE)	undetermined	2025-01-01	0.17237239260745352	0.00021751671915580496	0.5396672488454607
Genève (GE)	undetermined	2025-01-04	0.11551000171545205	3.6296204219578354e-13	0.46195025239452087
Genève (GE)	undetermined	2025-01-09	0.05491232229854833	2.436808732059206e-15	0.2786759618820449
Genève (GE)	undetermined	2025-01-12	0.024197180146506292	2.451272934320352e-17	0.2034288204660954
Genève (GE)	undetermined	2025-01-16	0.009845409307694765	5.391369628548361e-16	0.08698490195628733
Genève (GE)	undetermined	2025-01-20	0.017701751688527098	2.0693682373372883e-16	0.15376107318817137
Genève (GE)	undetermined	2025-01-21	0.02618158091566404	5.8751158810755865e-15	0.18844072592387887
Genève (GE)	undetermined	2025-01-25	0.10337935197512356	3.948373002506858e-16	0.6628592357494416
Genève (GE)	undetermined	2025-01-29	0.1261280542884224	4.872524113492049e-16	0.7106161918254048
Genève (GE)	undetermined	2025-02-02	0.15819920353976033	6.554445327228409e-09	0.8935914888595387
Genève (GE)	undetermined	2025-02-10	0.02852234410196957	1.4571563153096207e-13	0.3264486281764966
Genève (GE)	undetermined	2025-02-11	0.02186531105055719	6.65213051315013e-14	0.32421468678885335
Genève (GE)	undetermined	2025-02-12	0.018580679176140237	1.1532120770773664e-11	0.21310357531258126
Genève (GE)	undetermined	2025-02-18	0.009929959963907912	0.00016803658583420297	0.024695123460849226
Genève (GE)	undetermined	2025-02-20	0.0135558785459981	0.00035776326653876234	0.04574177714617362
Genève (GE)	undetermined	2025-03-03	0.005118637644372144	3.176484786809078e-11	0.01800005706574712
Genève (GE)	undetermined	2025-03-06	0.01797454193234973	1.0088891897711526e-08	0.025263999572135532
Genève (GE)	undetermined	2025-03-08	0.03585800367695926	2.349664035156167e-06	0.5067093872387838
Genève (GE)	undetermined	2025-03-16	0.12439650210401561	7.433967079706676e-05	0.9891070092239409
Genève (GE)	undetermined	2025-03-18	0.1809511832427923	2.2448153666929422e-09	0.9895722729962847
Laupen (BE)	A.D.1	2024-12-28	0.23052795395547762	3.456755927057723e-17	0.6784072094148998
Laupen (BE)	A.D.1	2025-01-09	0.9726809144929763	0.9198947154741243	0.9870610108534189
Laupen (BE)	A.D.1	2025-01-11	0.9547730611637446	0.7564476125904518	0.9879452556338495
Laupen (BE)	A.D.1	2025-01-13	0.8707049376520927	0.02368466506464409	0.9879011256039294
Laupen (BE)	A.D.1	2025-02-09	0.9870930495786822	0.9713857209320133	0.9935396005748239
Laupen (BE)	A.D.1	2025-02-10	0.9864809943370703	0.9688933755784672	0.9933501383477078
Laupen (BE)	A.D.1	2025-02-14	0.940759798901142	0.47315850484615574	0.9893030062685008
Laupen (BE)	A.D.1	2025-02-22	0.1449253861760468	5.6577313639017716e-24	0.6953342449034723
Laupen (BE)	A.D.1	2025-03-02	0.12165004566288763	2.18040164252975e-20	0.5455415070131988
Laupen (BE)	A.D.1	2025-03-07	0.33638281844896367	2.2873711696494167e-10	0.7021986174588514
Laupen (BE)	A.D.1	2025-03-15	0.9777934663147403	0.9001689727995652	0.9955028889941762
Laupen (BE)	A.D.1	2025-03-26	0.08546333899113398	1.0661197950989296e-23	0.9514058362498585
Laupen (BE)	A.D.1	2025-04-18	0.979979652466164	0.9123436044892709	0.9973096430738679
Laupen (BE)	A.D.1.4	2024-12-28	0.01509449972773525	9.865135138385087e-12	0.13021922820285114
Laupen (BE)	A.D.1.4	2025-01-09	0.0006192290143678902	6.025076256820143e-11	0.0014283353328782163
Laupen (BE)	A.D.1.4	2025-01-11	0.0004659579110555059	8.015838759111922e-12	0.001301160919893239
Laupen (BE)	A.D.1.4	2025-01-13	0.00039415460583417083	2.3772302518409976e-14	0.0012917264782895416
Laupen (BE)	A.D.1.4	2025-02-09	0.0003702336617722942	1.2181002603032482e-15	0.0013391525276177424
Laupen (BE)	A.D.1.4	2025-02-10	0.00037872213889543385	5.299379245893662e-14	0.0013130358070801396
Laupen (BE)	A.D.1.4	2025-02-14	0.00045561073801293815	2.5252678413335304e-13	0.0016021826079036755
Laupen (BE)	A.D.1.4	2025-02-22	0.00046954069175111956	9.787790600257855e-17	0.0018530157373740574
Laupen (BE)	A.D.1.4	2025-03-02	0.0002920498929389934	8.631557007122344e-21	0.0015249103438244155
Laupen (BE)	A.D.1.4	2025-03-07	0.0005145754774959575	1.5261415458904217e-15	0.0021529322537383122
Laupen (BE)	A.D.1.4	2025-03-15	5.54663600492805e-05	1.068191627670219e-21	0.00045052001396767667
Laupen (BE)	A.D.1.4	2025-03-26	3.7655198472404206e-05	7.059047384950569e-26	0.0003006060745244395
Laupen (BE)	A.D.1.4	2025-04-18	0.0009280638364864973	2.6390929037180167e-05	0.0026323936384847137
Laupen (BE)	A.D.1.5	2024-12-28	0.1031380300631069	0.00020656395799242334	0.5941299510975828
Laupen (BE)	A.D.1.5	2025-01-09	0.008827744808818224	0.0027122096431550064	0.02406586412565766
Laupen (BE)	A.D.1.5	2025-01-11	0.03174782990673509	0.0032441178830825523	0.22951075652038028
Laupen (BE)	A.D.1.5	2025-01-13	0.11837428850878577	0.004530844599466326	0.9664997565961998
Laupen (BE)	A.D.1.5	2025-02-09	0.0053325993318666534	0.0014753381052585962	0.015676855204931853
Laupen (BE)	A.D.1.5	2025-02-10	0.006077590801490262	0.0016006871538368685	0.02055339042382854
Laupen (BE)	A.D.1.5	2025-02-14	0.048613366889338	0.0028124832053175383	0.5127903205340146
Laupen (BE)	A.D.1.5	2025-02-22	0.37831977307678644	0.013667260484269573	0.5886224414424761
Laupen (BE)	A.D.1.5	2025-03-02	0.047075485985154215	0.0017374615754527773	0.3495681181787806
Laupen (BE)	A.D.1.5	2025-03-07	0.010745414137565506	0.00016304306584061674	0.048271675212405045
Laupen (BE)	A.D.1.5	2025-03-15	0.005528457175393295	5.228431790661112e-14	0.02399643761784989
Laupen (BE)	A.D.1.5	2025-03-26	0.016507529563782285	1.4036820380794369e-16	0.017468316882728988
Laupen (BE)	A.D.1.5	2025-04-18	0.010483540288537825	2.7822284570359922e-08	0.01181323714153418
Laupen (BE)	A.D.3	2024-12-28	0.30751883418398784	0.0023917741513442693	0.9070244916000982
Laupen (BE)	A.D.3	2025-01-09	0.0038469297942775984	0.00042417632446717813	0.010936442955210185
Laupen (BE)	A.D.3	2025-01-11	0.0026938686409802514	1.7324601911414865e-07	0.00717588911061592
Laupen (BE)	A.D.3	2025-01-13	0.001966097051688372	1.1539175794977308e-12	0.005578122151147225
Laupen (BE)	A.D.3	2025-02-09	0.003747453079720904	0.00046460093230263035	0.009586504959336667
Laupen (BE)	A.D.3	2025-02-10	0.0033256745857365767	0.0002895356103753984	0.008704916851786426
Laupen (BE)	A.D.3	2025-02-14	0.003379041486999399	0.0004483281315729407	0.009410404257381443
Laupen (BE)	A.D.3	2025-02-22	0.03952263233110351	0.002806364719092964	0.39987163585633073
Laupen (BE)	A.D.3	2025-03-02	0.6725931075405266	0.07033599234325358	0.9880830865065459
Laupen (BE)	A.D.3	2025-03-07	0.5758817668117862	0.1418983836146945	0.9825478775369838
Laupen (BE)	A.D.3	2025-03-15	0.0012747739117057522	2.0838934678110806e-32	0.005599964873686001
Laupen (BE)	A.D.3	2025-03-26	0.30068220964272574	8.166945616927589e-19	0.9902589218711503
Laupen (BE)	A.D.3	2025-04-18	0.001006067553129521	5.861421219643192e-21	0.008169638497572818
Laupen (BE)	A.D.3.1	2024-12-28	0.000595179076494372	1.2320442588129803e-24	0.004661022115534233
Laupen (BE)	A.D.3.1	2025-01-09	0.001128361026721813	6.881967975087665e-05	0.002242203161963776
Laupen (BE)	A.D.3.1	2025-01-11	0.001101226029568167	0.00014703846063939108	0.0022325196647759275
Laupen (BE)	A.D.3.1	2025-01-13	0.001157041848435776	0.0002550552928998439	0.0023622885487684544
Laupen (BE)	A.D.3.1	2025-02-09	0.0008424578561794474	1.938196891836478e-05	0.002142768932299355
Laupen (BE)	A.D.3.1	2025-02-10	0.0008032507229905458	1.2347524785999023e-05	0.0019679780760614614
Laupen (BE)	A.D.3.1	2025-02-14	0.0007613576446760943	6.693421103112331e-05	0.0015688645190084691
Laupen (BE)	A.D.3.1	2025-02-22	0.0010643125693908509	1.0962389879711355e-11	0.002936951696267416
Laupen (BE)	A.D.3.1	2025-03-02	0.0019079021294820975	0.0002553280707174325	0.005339792300100403
Laupen (BE)	A.D.3.1	2025-03-07	0.004179942463138747	0.00045705359409289225	0.013500849952116468
Laupen (BE)	A.D.3.1	2025-03-15	0.003358974976091861	0.0008630530917061466	0.007355712670551513
Laupen (BE)	A.D.3.1	2025-03-26	0.012048467115224237	4.5999767931901714e-05	0.027710304896805815
Laupen (BE)	A.D.3.1	2025-04-18	0.0009449428384667876	0.0001265306722921929	0.0024000412046731785
Laupen (BE)	A.D.5.2	2024-12-28	0.05111229569312593	0.0014997030672042593	0.37562247223346107
Laupen (BE)	A.D.5.2	2025-01-09	0.004657174118529019	0.002524778709229451	0.008135014990625009
Laupen (BE)	A.D.5.2	2025-01-11	0.003611979295315331	0.0020763346004788706	0.005819035242325314
Laupen (BE)	A.D.5.2	2025-01-13	0.0031695695790011024	0.0018278998314720856	0.005098062247480239
Laupen (BE)	A.D.5.2	2025-02-09	0.00040779340253515635	2.116611227049537e-17	0.0010903042618692965
Laupen (BE)	A.D.5.2	2025-02-10	0.0004364574927435838	3.0201289630598583e-16	0.0010934752993896535
Laupen (BE)	A.D.5.2	2025-02-14	0.0007545258001352345	1.5449099600002662e-12	0.0016653066886331215
Laupen (BE)	A.D.5.2	2025-02-22	0.001991493392851445	0.0005217964664992808	0.004694382802917713
Laupen (BE)	A.D.5.2	2025-03-02	0.0010593053283295922	3.639471705389911e-05	0.002908827746255887
Laupen (BE)	A.D.5.2	2025-03-07	0.0012832887457332027	5.732439617593484e-09	0.003931512993576181
Laupen (BE)	A.D.5.2	2025-03-15	0.00016749098539942415	1.7227560898956523e-22	0.0010739165020002674
Laupen (BE)	A.D.5.2	2025-03-26	0.0002822208700547968	1.4938107695987287e-24	0.0020255492644521943
Laupen (BE)	A.D.5.2	2025-04-18	0.0006478948737080126	3.628203653640855e-13	0.0019363095082804908
Laupen (BE)	undetermined	2024-12-28	0.2920132073000721	1.105954939039774e-14	0.9287802912144417
Laupen (BE)	undetermined	2025-01-09	0.008239646744309126	8.751809473825361e-15	0.03722453463800451
Laupen (BE)	undetermined	2025-01-11	0.005606077052601018	8.956983750574813e-13	0.019682923330686924
Laupen (BE)	undetermined	2025-01-13	0.004233910754162171	1.4633884629527058e-15	0.015046698390298206
Laupen (BE)	undetermined	2025-02-09	0.0022064130892434234	7.069270569442131e-18	0.006510235563590181
Laupen (BE)	undetermined	2025-02-10	0.0024973099210733253	2.6604012468989075e-16	0.00656707058341536
Laupen (BE)	undetermined	2025-02-14	0.005276298539696366	2.6800147628642277e-11	0.013184058879156618
Laupen (BE)	undetermined	2025-02-22	0.43370686176206985	0.061132518101226635	0.6590417448901701
Laupen (BE)	undetermined	2025-03-02	0.15542210346068086	2.104729087025628e-20	0.8327291839148877
Laupen (BE)	undetermined	2025-03-07	0.07101219391531675	3.8750699612729807e-26	0.6006673276464385
Laupen (BE)	undetermined	2025-03-15	0.011821370276620103	6.706529363525841e-20	0.07253954665084665
Laupen (BE)	undetermined	2025-03-26	0.5849785786186066	1.0116873649690061e-22	0.9953880288310358
Laupen (BE)	undetermined	2025-04-18	0.006009838143507323	2.5630728003838827e-17	0.026815571559901736
Lugano (TI)	A.D.1	2024-12-03	0.9829565330212686	0.9703384321114689	0.9892784919262381
Lugano (TI)	A.D.1	2024-12-07	0.9858900877035568	0.9753612628544625	0.9910588869332798
Lugano (TI)	A.D.1	2024-12-08	0.9857170323746867	0.9763156291505735	0.9909538657616808
Lugano (TI)	A.D.1	2024-12-11	0.9830793145749617	0.9698523182267443	0.9893518856735537
Lugano (TI)	A.D.1	2024-12-13	0.9785473315894417	0.9583642003550418	0.9872549264881458
Lugano (TI)	A.D.1	2024-12-15	0.9606549491096089	0.8628421267565792	0.9846458624998818
Lugano (TI)	A.D.1	2024-12-20	0.5278567888062815	0.026837865472664847	0.9656479690735792
Lugano (TI)	A.D.1	2024-12-28	0.4249184248071583	0.005755568815944409	0.5872981951142432
Lugano (TI)	A.D.1	2024-12-29	0.4316891424085357	0.006826150121814137	0.589941726642116
Lugano (TI)	A.D.1	2025-01-09	0.900489974997275	0.5481623154221739	0.9836133589775937
Lugano (TI)	A.D.1	2025-01-11	0.8493506440290196	0.539747086706539	0.982256596953262
Lugano (TI)	A.D.1	2025-01-13	0.7689018216209624	0.38430564151577057	0.9737864749731928
Lugano (TI)	A.D.1	2025-01-19	0.4089395957323155	0.015425453702495465	0.7522212872345567
Lugano (TI)	A.D.1	2025-01-24	0.5636599452263077	0.31885008800782766	0.8671858945245312
Lugano (TI)	A.D.1	2025-01-29	0.44998207919545147	0.06287352652874538	0.6195448284674397
Lugano (TI)	A.D.1	2025-02-01	0.18931802686812993	0.00416230101033963	0.5028008445949089
Lugano (TI)	A.D.1	2025-02-06	0.1209037979968053	0.0004365703709521484	0.47798451230433076
Lugano (TI)	A.D.1	2025-02-09	0.29476479016859636	0.0061062805778980545	0.5174872708652043
Lugano (TI)	A.D.1	2025-02-10	0.382327937701333	0.020200924686083577	0.5449590892984428
Lugano (TI)	A.D.1	2025-02-14	0.7241063852870374	0.4969961585137728	0.9387358497717448
Lugano (TI)	A.D.1	2025-02-18	0.9584071148330844	0.9170554772497048	0.9761320398868795
Lugano (TI)	A.D.1	2025-02-22	0.9707763001985247	0.9535163378880115	0.9810112160082751
Lugano (TI)	A.D.1	2025-02-26	0.9661730098709849	0.92939517193653	0.9807303232831135
Lugano (TI)	A.D.1	2025-03-02	0.835397291250644	0.27497328331999316	0.9730394919304464
Lugano (TI)	A.D.1	2025-03-06	0.5753869650591227	0.015349930087973623	0.9486770355862205
Lugano (TI)	A.D.1	2025-03-07	0.5659771058556087	0.01752563579790304	0.9303190939084315
Lugano (TI)	A.D.1	2025-03-15	0.5864372748044164	0.4105222963762385	0.8513228728365145
Lugano (TI)	A.D.1	2025-03-23	0.06037833197873372	0.00451911827839205	0.3148634775054964
Lugano (TI)	A.D.1	2025-03-26	0.05316320500108798	0.003429604849409454	0.3119502052416988
Lugano (TI)	A.D.1	2025-03-28	0.07295508386502553	0.004742236394380024	0.3454962778340603
Lugano (TI)	A.D.1	2025-04-03	0.5288644731554392	0.05433155685706102	0.9239482734500336
Lugano (TI)	A.D.1	2025-04-07	0.6830788764600486	0.43755255968859375	0.973748310283107
Lugano (TI)	A.D.1	2025-04-15	0.48474425738153587	0.004423446738757832	0.744807205116235
Lugano (TI)	A.D.1	2025-04-18	0.33224683048768333	0.0004947994082544971	0.8122710323401524
Lugano (TI)	A.D.1.4	2024-12-03	0.0008321082460919787	9.976493195424608e-05	0.0017400078240450334
Lugano (TI)	A.D.1.4	2024-12-07	0.0007326918206950104	7.599157737870372e-05	0.0015479089694445363
Lugano (TI)	A.D.1.4	2024-12-08	0.0007618149623828652	6.788080827843449e-05	0.0016077069171553731
Lugano (TI)	A.D.1.4	2024-12-11	0.0009802757049325226	6.622876098175057e-05	0.002135679762309351
Lugano (TI)	A.D.1.4	2024-12-13	0.0012603925841840335	3.797167854040403e-05	0.0029820435395559127
Lugano (TI)	A.D.1.4	2024-12-15	0.0016974862869564068	4.179316270838182e-05	0.004592429928875046
Lugano (TI)	A.D.1.4	2024-12-20	0.002840262710734767	0.00013425473281775582	0.007261794787582666
Lugano (TI)	A.D.1.4	2024-12-28	0.0011405002388735323	0.00018128213357674887	0.002185336472519168
Lugano (TI)	A.D.1.4	2024-12-29	0.0011426237889853857	0.00017332104754902764	0.00220362698512215
Lugano (TI)	A.D.1.4	2025-01-09	0.0010537723879536043	8.116141377002405e-05	0.0027861467090997648
Lugano (TI)	A.D.1.4	2025-01-11	0.0010028338756488736	0.0001436158689045693	0.002641290990678717
Lugano (TI)	A.D.1.4	2025-01-13	0.0010578761708935026	0.00024323352532195025	0.002683134130415453
Lugano (TI)	A.D.1.4	2025-01-19	0.00115831867701965	8.819479668308352e-05	0.002799552678633276
Lugano (TI)	A.D.1.4	2025-01-24	0.0016298620477120393	9.546666850783437e-05	0.004274210025034149
Lugano (TI)	A.D.1.4	2025-01-29	0.0019739329980115964	0.00037393540543892884	0.004595411733425959
Lugano (TI)	A.D.1.4	2025-02-01	0.001866497834581056	0.00037425182254974585	0.004524914159878354
Lugano (TI)	A.D.1.4	2025-02-06	0.0012806307418299612	2.139779931175025e-05	0.003387172515109323
Lugano (TI)	A.D.1.4	2025-02-09	0.0010353323891959265	8.204521697734559e-10	0.0028767755816531976
Lugano (TI)	A.D.1.4	2025-02-10	0.0010044739149978697	4.857598358756688e-09	0.0027822759379466603
Lugano (TI)	A.D.1.4	2025-02-14	0.0012968620370299758	0.000401332704491482	0.002576129624240028
Lugano (TI)	A.D.1.4	2025-02-18	0.0017172898724471806	0.000847879860898993	0.0030248731094816403
Lugano (TI)	A.D.1.4	2025-02-22	0.002198119837379975	0.001057067998012024	0.003871740004799667
Lugano (TI)	A.D.1.4	2025-02-26	0.0021336356371508235	0.0009193959816381484	0.003911094611829627
Lugano (TI)	A.D.1.4	2025-03-02	0.0014404951832890894	0.0005421849815103506	0.002783836049657999
Lugano (TI)	A.D.1.4	2025-03-06	0.001080488917940193	0.0002709893019374482	0.0020936463838502947
Lugano (TI)	A.D.1.4	2025-03-07	0.001063773448486614	0.00019660265488309902	0.0021642059342729123
Lugano (TI)	A.D.1.4	2025-03-15	0.0009177406675689606	7.713184260823998e-09	0.0022490609358668642
Lugano (TI)	A.D.1.4	2025-03-23	0.0007020197465878951	1.319397708350905e-10	0.001859347994396573
Lugano (TI)	A.D.1.4	2025-03-26	0.0006474402342380972	5.433665953258269e-13	0.0017020293498191334
Lugano (TI)	A.D.1.4	2025-03-28	0.0006890546180116023	1.2060106969006953e-11	0.0018105597056384654
Lugano (TI)	A.D.1.4	2025-04-03	0.0011439295061680598	0.00026154974005078815	0.0024689820849782378
Lugano (TI)	A.D.1.4	2025-04-07	0.0007849986977813967	3.38187007382907e-09	0.0022072188739172827
Lugano (TI)	A.D.1.4	2025-04-15	0.00044717918717123475	3.984847480695885e-06	0.001140408592307926
Lugano (TI)	A.D.1.4	2025-04-18	0.00034536677372656833	4.314145875297291e-10	0.001092642651472091
Lugano (TI)	A.D.1.5	2024-12-03	0.0013838552010177396	0.00042996153606747803	0.003200061981565978
Lugano (TI)	A.D.1.5	2024-12-07	0.0013018171320329222	0.0003689582536452076	0.002736287752156156
Lugano (TI)	A.D.1.5	2024-12-08	0.0013439832917758355	0.00036272683887471097	0.0027840702882619573
Lugano (TI)	A.D.1.5	2024-12-11	0.0015961900785526506	0.0003518362473012558	0.0035060615826582055
Lugano (TI)	A.D.1.5	2024-12-13	0.0018219170750753606	0.00023927279356216277	0.004181900062142489
Lugano (TI)	A.D.1.5	2024-12-15	0.001977559495179719	7.42571715542846e-05	0.004422654297930609
Lugano (TI)	A.D.1.5	2024-12-20	0.0023848030453794376	7.239874059409627e-08	0.005573766096111297
Lugano (TI)	A.D.1.5	2024-12-28	0.0017735722560576917	0.00022152456290175712	0.003972644543561083
Lugano (TI)	A.D.1.5	2024-12-29	0.001834382855336751	0.00025375587963630275	0.004085507678253693
Lugano (TI)	A.D.1.5	2025-01-09	0.0025593834413787653	0.0008387831205119511	0.005250748124441786
Lugano (TI)	A.D.1.5	2025-01-11	0.002318165180315934	0.0008243970063152192	0.004754766725852024
Lugano (TI)	A.D.1.5	2025-01-13	0.0022959966821380286	0.000765319867471735	0.004648492481415749
Lugano (TI)	A.D.1.5	2025-01-19	0.003318547916585649	0.0009307272460983325	0.006720648242786274
Lugano (TI)	A.D.1.5	2025-01-24	0.00999443243671248	0.002503484905950234	0.04742192222788007
Lugano (TI)	A.D.1.5	2025-01-29	0.014884441283901555	0.00299810254852385	0.07461335846361856
Lugano (TI)	A.D.1.5	2025-02-01	0.01130328610522989	0.002749395083014959	0.0371790072912287
Lugano (TI)	A.D.1.5	2025-02-06	0.014340449229818308	0.0030808980750967386	0.052226441041345495
Lugano (TI)	A.D.1.5	2025-02-09	0.0148265136015013	0.0030755390675485926	0.06431196265367048
Lugano (TI)	A.D.1.5	2025-02-10	0.013295826920683014	0.0031030110683360683	0.04072849096753933
Lugano (TI)	A.D.1.5	2025-02-14	0.009338845999381033	0.003190926341527187	0.025594450830885275
Lugano (TI)	A.D.1.5	2025-02-18	0.008180453013600205	0.0032890513914277525	0.020567105235280648
Lugano (TI)	A.D.1.5	2025-02-22	0.007543055102814844	0.0028004265309146317	0.015964601051370684
Lugano (TI)	A.D.1.5	2025-02-26	0.005423063451243712	0.0019587682193086403	0.014598410670015344
Lugano (TI)	A.D.1.5	2025-03-02	0.0027911094267140868	0.0008472044944984773	0.008996986044097925
Lugano (TI)	A.D.1.5	2025-03-06	0.002711869547558362	0.0006122590163325343	0.007274569512657523
Lugano (TI)	A.D.1.5	2025-03-07	0.00309700987565482	0.0007185706122714902	0.008389041529639766
Lugano (TI)	A.D.1.5	2025-03-15	0.008457615757042389	0.0018525186698565266	0.03081184112486982
Lugano (TI)	A.D.1.5	2025-03-23	0.004302481890657701	0.0015592299866169909	0.010595700790811265
Lugano (TI)	A.D.1.5	2025-03-26	0.0035152512740398638	0.0012004621177096018	0.008118459413819471
Lugano (TI)	A.D.1.5	2025-03-28	0.0033003087862693158	0.0011478001112021465	0.007746938564834273
Lugano (TI)	A.D.1.5	2025-04-03	0.0025922081866283715	0.0006298900065907864	0.006904825985371085
Lugano (TI)	A.D.1.5	2025-04-07	0.0016420179316160189	2.9832277251195285e-16	0.006704730995101707
Lugano (TI)	A.D.1.5	2025-04-15	0.00016510351712887905	1.7915069640630442e-20	0.0012015831838062523
Lugano (TI)	A.D.1.5	2025-04-18	5.255366035443437e-05	4.796463758000927e-22	0.00037427844598112125
Lugano (TI)	A.D.3	2024-12-03	0.004198548328737956	0.0014161367635226847	0.008040199802726479
Lugano (TI)	A.D.3	2024-12-07	0.0022141385857447583	0.0006141747918258003	0.004482655197737893
Lugano (TI)	A.D.3	2024-12-08	0.002104790318009134	0.000497624446141575	0.004334124032893717
Lugano (TI)	A.D.3	2024-12-11	0.002514824425563138	0.00041197726752711966	0.006060231008241058
Lugano (TI)	A.D.3	2024-12-13	0.0039802125606923375	0.0006390039877749369	0.00974361765556224
Lugano (TI)	A.D.3	2024-12-15	0.009100496004884183	0.001430288199997811	0.027281145772820613
Lugano (TI)	A.D.3	2024-12-20	0.30695709573511787	0.009285635163983213	0.8393287352734946
Lugano (TI)	A.D.3	2024-12-28	0.4453951315731206	0.040511527713662725	0.6409557332508039
Lugano (TI)	A.D.3	2024-12-29	0.43486261212615523	0.04233413649087872	0.6364573938694424
Lugano (TI)	A.D.3	2025-01-09	0.025616947246157908	0.0038419006649162146	0.13787020023533916
Lugano (TI)	A.D.3	2025-01-11	0.03524774314551846	0.004350320512510292	0.2863961137366395
Lugano (TI)	A.D.3	2025-01-13	0.05984042825895435	0.006357557357182281	0.3725294869817275
Lugano (TI)	A.D.3	2025-01-19	0.3606816200460966	0.021971268797150417	0.9613127159816409
Lugano (TI)	A.D.3	2025-01-24	0.29688895260931614	0.018500289639770854	0.6602583868888547
Lugano (TI)	A.D.3	2025-01-29	0.2824273321385051	0.04124713370959406	0.5649565959526588
Lugano (TI)	A.D.3	2025-02-01	0.4043472048124002	0.0778125721391668	0.6682704875024069
Lugano (TI)	A.D.3	2025-02-06	0.4865462609749281	0.33962807131214917	0.6578972742127116
Lugano (TI)	A.D.3	2025-02-09	0.4621689372255478	0.3203983679779382	0.6066402248727173
Lugano (TI)	A.D.3	2025-02-10	0.4430164436257514	0.29233792701180883	0.5588779727951699
Lugano (TI)	A.D.3	2025-02-14	0.20628760211613326	0.027344599102375366	0.45844597264714354
Lugano (TI)	A.D.3	2025-02-18	0.022454915228489594	0.009804961296183964	0.06962805201703366
Lugano (TI)	A.D.3	2025-02-22	0.011792669231215065	0.003802764733622357	0.023050225140161744
Lugano (TI)	A.D.3	2025-02-26	0.016153129511810846	0.005808429774517695	0.042111513494951805
Lugano (TI)	A.D.3	2025-03-02	0.11127739332938223	0.011195348224429644	0.5840559317615263
Lugano (TI)	A.D.3	2025-03-06	0.2948435397068783	0.014908924497939256	0.8242508584575392
Lugano (TI)	A.D.3	2025-03-07	0.2871205974972134	0.014657368449317545	0.7098072334452591
Lugano (TI)	A.D.3	2025-03-15	0.36134848837713496	0.09926811353706462	0.5332533873596855
Lugano (TI)	A.D.3	2025-03-23	0.9159039900372306	0.6295322651335419	0.9805595985311486
Lugano (TI)	A.D.3	2025-03-26	0.9256746916597477	0.6341948620690557	0.9818967158080251
Lugano (TI)	A.D.3	2025-03-28	0.90049968130077	0.5478720932306332	0.9798474605309968
Lugano (TI)	A.D.3	2025-04-03	0.3971899255114996	0.044266800150684175	0.649066110052822
Lugano (TI)	A.D.3	2025-04-07	0.09094039308912588	0.002589372876361581	0.38362167513910583
Lugano (TI)	A.D.3	2025-04-15	0.009617903957064968	2.243910709667476e-21	0.06674068121105156
Lugano (TI)	A.D.3	2025-04-18	0.001372471250321119	2.2547739813963566e-29	0.01353609720617589
Lugano (TI)	A.D.3.1	2024-12-03	0.0007694654775330343	0.00011230168851672137	0.0015570607592855226
Lugano (TI)	A.D.3.1	2024-12-07	0.0007278437346785415	0.00019320145888686513	0.0014865752567586972
Lugano (TI)	A.D.3.1	2024-12-08	0.000766701457601198	0.00024381025834089995	0.0015557004011489029
Lugano (TI)	A.D.3.1	2024-12-11	0.0010144556531981141	0.00037811630785412594	0.001996085203346557
Lugano (TI)	A.D.3.1	2024-12-13	0.0013013981468220307	0.00045826472769745503	0.0026672435836121527
Lugano (TI)	A.D.3.1	2024-12-15	0.0016668859860602945	0.0005416750275154472	0.003250550671843355
Lugano (TI)	A.D.3.1	2024-12-20	0.002452268358965758	0.0008281098728291042	0.005518862734387041
Lugano (TI)	A.D.3.1	2024-12-28	0.001420956705056267	0.0005278196157985413	0.002945445800934541
Lugano (TI)	A.D.3.1	2024-12-29	0.0014303876696000178	0.0005253839479931893	0.002954910464753204
Lugano (TI)	A.D.3.1	2025-01-09	0.0008949642554417589	8.418080969912246e-06	0.0019650674571974978
Lugano (TI)	A.D.3.1	2025-01-11	0.0008057040410456781	3.722722096260018e-07	0.0017667729663293978
Lugano (TI)	A.D.3.1	2025-01-13	0.0007986916369211589	5.726474305748332e-06	0.0017643218983961545
Lugano (TI)	A.D.3.1	2025-01-19	0.000908288827251471	0.0001019838212324323	0.0018387178425721589
Lugano (TI)	A.D.3.1	2025-01-24	0.0009819620475772616	0.00022547014971309955	0.0019235768827911598
Lugano (TI)	A.D.3.1	2025-01-29	0.001200655581782875	0.0002452030790325948	0.002299539972377763
Lugano (TI)	A.D.3.1	2025-02-01	0.0012093303238898995	0.0002286586003240787	0.0025720677787653048
Lugano (TI)	A.D.3.1	2025-02-06	0.001086433968916125	0.00020869040898682827	0.0022750453074631078
Lugano (TI)	A.D.3.1	2025-02-09	0.0011234227005332761	0.00021300871226935162	0.0023352933161733275
Lugano (TI)	A.D.3.1	2025-02-10	0.0011218659298247392	0.00025241743076656045	0.002214130019345008
Lugano (TI)	A.D.3.1	2025-02-14	0.0012613779808731149	0.000533229205430016	0.0026455484171885664
Lugano (TI)	A.D.3.1	2025-02-18	0.0014558305797655216	0.0007322046331710238	0.0027337822976977776
Lugano (TI)	A.D.3.1	2025-02-22	0.001510045408270007	0.0008632363724831158	0.002930630788354633
Lugano (TI)	A.D.3.1	2025-02-26	0.0014983522258143595	0.0006704606195505064	0.002785761988822354
Lugano (TI)	A.D.3.1	2025-03-02	0.0013423764045333638	0.00022406146889865816	0.002867008290083533
Lugano (TI)	A.D.3.1	2025-03-06	0.00134984238367051	0.00024258078070414594	0.0029521750115785493
Lugano (TI)	A.D.3.1	2025-03-07	0.0013922811522562772	0.0002414381050290777	0.0030426178788476484
Lugano (TI)	A.D.3.1	2025-03-15	0.0013061330953850479	6.089744131333048e-11	0.003621191206512039
Lugano (TI)	A.D.3.1	2025-03-23	0.001134672934480932	0.00022624066533824666	0.0021063194798546362
Lugano (TI)	A.D.3.1	2025-03-26	0.0009836567011806785	0.00020789902298890708	0.0018785840894418521
Lugano (TI)	A.D.3.1	2025-03-28	0.0009661087507939802	0.00020146294869084665	0.0018342987739155
Lugano (TI)	A.D.3.1	2025-04-03	0.0009287807050873862	0.00013278025269395028	0.0023337455485642443
Lugano (TI)	A.D.3.1	2025-04-07	0.001120141995781936	0.00011095737801909331	0.003167423246124766
Lugano (TI)	A.D.3.1	2025-04-15	0.0020783122436462483	0.00010391683222857273	0.007417102255300676
Lugano (TI)	A.D.3.1	2025-04-18	0.0016394858620820487	5.8213384157687804e-05	0.005671141571602051
Lugano (TI)	A.D.5.2	2024-12-03	0.002269215943319256	0.0012388204261250897	0.0036693810323972236
Lugano (TI)	A.D.5.2	2024-12-07	0.0019891633566723743	0.0011035009826787184	0.0030306582569561325
Lugano (TI)	A.D.5.2	2024-12-08	0.0020949163764561137	0.001182255158047997	0.0031864073793911943
Lugano (TI)	A.D.5.2	2024-12-11	0.002932951873501024	0.0017082345406676284	0.004488304158711398
Lugano (TI)	A.D.5.2	2024-12-13	0.004120091279375423	0.0022493772586893506	0.0066235293770435175
Lugano (TI)	A.D.5.2	2024-12-15	0.006084709883188753	0.0027549292361588587	0.011414912562595313
Lugano (TI)	A.D.5.2	2024-12-20	0.009059723078759577	0.003712889430541896	0.02245387137770671
Lugano (TI)	A.D.5.2	2024-12-28	0.003291728668720204	0.001493303599415807	0.006080547839152146
Lugano (TI)	A.D.5.2	2024-12-29	0.003229368627352715	0.00148027852336905	0.005917426829766348
Lugano (TI)	A.D.5.2	2025-01-09	0.0009656604597296642	0.00011945539598235948	0.0017872916695259697
Lugano (TI)	A.D.5.2	2025-01-11	0.0009516087308771482	0.00011092619728277695	0.0016565972131315219
Lugano (TI)	A.D.5.2	2025-01-13	0.0010960068666837975	0.00024088083039276243	0.001892193586322884
Lugano (TI)	A.D.5.2	2025-01-19	0.0014693312620249603	0.0005636909414894177	0.0025847892749982847
Lugano (TI)	A.D.5.2	2025-01-24	0.0011669683151329597	0.0003300683414440554	0.0020877634063431005
Lugano (TI)	A.D.5.2	2025-01-29	0.0020562109941302947	0.0008897384967062942	0.0031977903149850106
Lugano (TI)	A.D.5.2	2025-02-01	0.0028585325229046154	0.001409177713754606	0.0050289138871826055
Lugano (TI)	A.D.5.2	2025-02-06	0.0024341743134703646	0.0013290998092254252	0.004348486237737091
Lugano (TI)	A.D.5.2	2025-02-09	0.001917151006374658	0.0009321962487339499	0.0032089276048266053
Lugano (TI)	A.D.5.2	2025-02-10	0.0017800229493470188	0.000855184849605031	0.0029994313878496017
Lugano (TI)	A.D.5.2	2025-02-14	0.0014657692008613042	0.0007450513696250594	0.00261969183517796
Lugano (TI)	A.D.5.2	2025-02-18	0.0012294723415467615	0.0005217305772169272	0.001896523531524361
Lugano (TI)	A.D.5.2	2025-02-22	0.0011325737278568909	0.00040813505332651324	0.001796481539200035
Lugano (TI)	A.D.5.2	2025-02-26	0.001246593954391451	0.0005378973904267115	0.002131336588984746
Lugano (TI)	A.D.5.2	2025-03-02	0.0013178689871107404	0.0005795321972551369	0.002174904701334094
Lugano (TI)	A.D.5.2	2025-03-06	0.0014335787040049824	0.000554598287088957	0.0023901569834319943
Lugano (TI)	A.D.5.2	2025-03-07	0.001513038069334555	0.0005288092610853631	0.002558378921851601
Lugano (TI)	A.D.5.2	2025-03-15	0.0013624905296780543	0.00011431901580502633	0.0030319827105340187
Lugano (TI)	A.D.5.2	2025-03-23	0.001535195468401783	0.00032027738397083136	0.002991713018594082
Lugano (TI)	A.D.5.2	2025-03-26	0.0015232206828743552	0.0003887765122000783	0.00298703479382818
Lugano (TI)	A.D.5.2	2025-03-28	0.0015983625282107825	0.000459440874706057	0.00306815229567733
Lugano (TI)	A.D.5.2	2025-04-03	0.00157694806997677	0.000508209873717551	0.0031693966752871366
Lugano (TI)	A.D.5.2	2025-04-07	0.0008905069460219075	2.5702245587384694e-11	0.0021873847532840242
Lugano (TI)	A.D.5.2	2025-04-15	0.02905120341243668	0.0013772487835244861	0.3915825214219216
Lugano (TI)	A.D.5.2	2025-04-18	0.08373113701854284	0.0017716251853069683	0.8699544613166575
Lugano (TI)	undetermined	2024-12-03	0.007590273782031435	0.0011794584828933765	0.019349600742566527
Lugano (TI)	undetermined	2024-12-07	0.007144257666619572	0.001947236403493781	0.017915857638186646
Lugano (TI)	undetermined	2024-12-08	0.007210761219088237	0.002025488173286134	0.017742147687322535
Lugano (TI)	undetermined	2024-12-11	0.007881987689290935	0.0017434096113469032	0.019157105084582446
Lugano (TI)	undetermined	2024-12-13	0.00896865676440904	0.0008513791971626315	0.027605001754734675
Lugano (TI)	undetermined	2024-12-15	0.018817913234121676	8.919653108434741e-11	0.12326077214613962
Lugano (TI)	undetermined	2024-12-20	0.14844905826476104	1.329839930011966e-15	0.8870609085813844
Lugano (TI)	undetermined	2024-12-28	0.12205968575101339	2.032219847512896e-12	0.5298415634059698
Lugano (TI)	undetermined	2024-12-29	0.12581148252403423	8.344341114544704e-13	0.5139881176855076
Lugano (TI)	undetermined	2025-01-09	0.06841929721206318	9.975052587712268e-05	0.42767656674174187
Lugano (TI)	undetermined	2025-01-11	0.11032330099757436	0.001163367991955054	0.44326291038017074
Lugano (TI)	undetermined	2025-01-13	0.1660091787634467	0.001973425471785763	0.5960468468235495
Lugano (TI)	undetermined	2025-01-19	0.2235242975387062	0.0023579160440259264	0.7095268471868258
Lugano (TI)	undetermined	2025-01-24	0.12567787731724145	4.550663551086954e-15	0.40659737630256154
Lugano (TI)	undetermined	2025-01-29	0.2474753478082171	0.00023089720955440343	0.5590467051603645
Lugano (TI)	undetermined	2025-02-01	0.38909712153286435	0.03818270917475974	0.6848162968945543
Lugano (TI)	undetermined	2025-02-06	0.37340825277423184	0.020285316801296402	0.6288611976724459
Lugano (TI)	undetermined	2025-02-09	0.22416385290825075	0.005895121596356154	0.5624576372044222
Lugano (TI)	undetermined	2025-02-10	0.15745342895806302	0.0052718593938014	0.4471529512461951
Lugano (TI)	undetermined	2025-02-14	0.05624315737868382	1.4069173622175664e-11	0.35548172286276286
Lugano (TI)	undetermined	2025-02-18	0.006554924131066378	1.540519762303165e-13	0.020124055515252984
Lugano (TI)	undetermined	2025-02-22	0.005047236493938572	9.599502597353365e-13	0.013698185894683534
Lugano (TI)	undetermined	2025-02-26	0.007372215348603879	2.948469721251967e-12	0.020615250706033844
Lugano (TI)	undetermined	2025-03-02	0.04643346541832651	4.500055759011595e-13	0.3624392897440502
Lugano (TI)	undetermined	2025-03-06	0.12319371568082504	1.793158068109068e-12	0.6676727023226359
Lugano (TI)	undetermined	2025-03-07	0.13983619410144568	3.6673707482393036e-14	0.6282198236424575
Lugano (TI)	undetermined	2025-03-15	0.040170256768774185	6.713603139420148e-16	0.2935386612833021
Lugano (TI)	undetermined	2025-03-23	0.016043307943907462	2.3256717257557383e-11	0.06043300418826464
Lugano (TI)	undetermined	2025-03-26	0.014492534446831337	1.821263127788107e-14	0.05542932675259243
Lugano (TI)	undetermined	2025-03-28	0.01999140015091883	6.891094228956667e-17	0.12943319569376316
Lugano (TI)	undetermined	2025-04-03	0.06770373486520068	1.2484463354423974e-16	0.483796523779443
Lugano (TI)	undetermined	2025-04-07	0.22154306487962427	3.7406253456896524e-05	0.4597483276651198
Lugano (TI)	undetermined	2025-04-15	0.4738960403010162	0.23618751737552693	0.9871553733441463
Lugano (TI)	undetermined	2025-04-18	0.5806121549472896	0.062035398545242676	0.9901606700581934
Zürich (ZH)	A.D.1	2024-11-05	0.3891982720007831	0.01289995907667395	0.9742006089710994
Zürich (ZH)	A.D.1	2024-11-08	0.33277688181410925	0.010135872703466107	0.9748071442787429
Zürich (ZH)	A.D.1	2024-11-09	0.2732835115777013	0.008141660232100728	0.9736393961719785
Zürich (ZH)	A.D.1	2024-11-13	0.0848672838532672	0.002168576211055421	0.9253101090150158
Zürich (ZH)	A.D.1	2024-11-16	0.041064085042115096	0.001083537079793367	0.5285553986814331
Zürich (ZH)	A.D.1	2024-11-24	0.7758979751733459	0.352504945026304	0.9604564854827002
Zürich (ZH)	A.D.1	2024-11-25	0.8479590225535906	0.4439171384447357	0.9653337831354909
Zürich (ZH)	A.D.1	2024-11-30	0.9510433802396134	0.8800052769919603	0.9827099368145025
Zürich (ZH)	A.D.1	2024-12-03	0.9663143695804625	0.9414629836427312	0.9832245501882274
Zürich (ZH)	A.D.1	2024-12-07	0.9762252427282566	0.9622539342305918	0.9846832772995947
Zürich (ZH)	A.D.1	2024-12-08	0.9772939894210286	0.9668772989428572	0.9851182090856568
Zürich (ZH)	A.D.1	2024-12-11	0.9777637128064591	0.9626573852306903	0.9860057027080124
Zürich (ZH)	A.D.1	2024-12-13	0.9736849141399186	0.9511484682461463	0.9856718375931559
Zürich (ZH)	A.D.1	2024-12-15	0.9595768281305661	0.8627887141891122	0.9836440447084006
Zürich (ZH)	A.D.1	2024-12-19	0.894820797812492	0.6746831945753352	0.9737227222288504
Zürich (ZH)	A.D.1	2024-12-21	0.881309342700011	0.6693885907611644	0.9692990137071461
Zürich (ZH)	A.D.1	2024-12-23	0.8724890310976123	0.6716175472709794	0.966045171040733
Zürich (ZH)	A.D.1	2024-12-27	0.8372701102896726	0.6396491943544985	0.9658708790471471
Zürich (ZH)	A.D.1	2024-12-28	0.8265197948639361	0.629967403507478	0.9638443864191318
Zürich (ZH)	A.D.1	2025-01-01	0.7980867310832537	0.5828604210438315	0.9551287241564084
Zürich (ZH)	A.D.1	2025-01-03	0.783308444925609	0.5526434110146935	0.951697810809391
Zürich (ZH)	A.D.1	2025-01-09	0.6441266665066827	0.44977268153757705	0.8104796314208297
Zürich (ZH)	A.D.1	2025-01-11	0.6278065979026816	0.4506215610699975	0.7093041338470454
Zürich (ZH)	A.D.1	2025-01-13	0.626991276699107	0.47708037531338304	0.6977643484944419
Zürich (ZH)	A.D.1	2025-01-19	0.7439003798703305	0.6070449926490277	0.8948835917217765
Zürich (ZH)	A.D.1	2025-01-21	0.8215480769873347	0.6675079324703879	0.9279278622631312
Zürich (ZH)	A.D.1	2025-01-24	0.9128512478664043	0.7240513419294382	0.966565022107163
Zürich (ZH)	A.D.1	2025-01-29	0.9502693070049982	0.7290716972311878	0.9805244317836673
Zürich (ZH)	A.D.1	2025-02-01	0.9610627185432051	0.8297603672321928	0.984185979363028
Zürich (ZH)	A.D.1	2025-02-06	0.9645507359267448	0.8511734709887504	0.9858216764397353
Zürich (ZH)	A.D.1	2025-02-09	0.960874971156603	0.8374518594421598	0.9838631443552506
Zürich (ZH)	A.D.1	2025-02-10	0.95896764943909	0.8222908754714815	0.9828247640607972
Zürich (ZH)	A.D.1	2025-02-14	0.9376367426226463	0.7711238890504715	0.9772610840102123
Zürich (ZH)	A.D.1	2025-02-18	0.8767596499323466	0.6706830607880606	0.9687961441395923
Zürich (ZH)	A.D.1	2025-02-22	0.8438020525148727	0.6377606262702339	0.964700719654296
Zürich (ZH)	A.D.1	2025-02-26	0.8416914292727583	0.5704661432927955	0.9686959250375768
Zürich (ZH)	A.D.1	2025-03-02	0.8410764158757635	0.506186741870938	0.9783330245067716
Zürich (ZH)	A.D.1	2025-03-06	0.7700525154793227	0.4329358930526288	0.9780836786840071
Zürich (ZH)	A.D.1	2025-03-07	0.7564853091171396	0.413367421489528	0.9773858716992638
Zürich (ZH)	A.D.1	2025-03-10	0.7120893429169278	0.034918044191037695	0.9760658765613757
Zürich (ZH)	A.D.1	2025-03-15	0.6386387076039142	0.00046057326085098934	0.9716446908398225
Zürich (ZH)	A.D.1	2025-03-18	0.5336581589728562	4.7184542418739664e-11	0.971917725085242
Zürich (ZH)	A.D.1	2025-03-23	0.4990727670304057	0.0012243181207592635	0.9778278214073827
Zürich (ZH)	A.D.1	2025-03-26	0.5921412396620426	0.009780356485270928	0.9802931298587348
Zürich (ZH)	A.D.1	2025-03-28	0.6577099078694286	0.014284269785715065	0.9817304574382796
Zürich (ZH)	A.D.1	2025-04-03	0.8363952897446196	0.12471011437817199	0.9820497673709334
Zürich (ZH)	A.D.1	2025-04-05	0.8773937306126465	0.13689540539189182	0.9809438998991866
Zürich (ZH)	A.D.1	2025-04-13	0.28019628890078885	5.771921455846383e-17	0.9811654563753426
Zürich (ZH)	A.D.1	2025-04-18	0.030333026454247833	2.9785043217818337e-21	0.4636286860774179
Zürich (ZH)	A.D.1.4	2024-11-05	0.0011049645494363726	0.00021761921474092942	0.002670787032253686
Zürich (ZH)	A.D.1.4	2024-11-08	0.00097073489808657	0.00013783471475883847	0.0022190815749730725
Zürich (ZH)	A.D.1.4	2024-11-09	0.0009668423261792895	9.007885890975502e-05	0.0023250948874186145
Zürich (ZH)	A.D.1.4	2024-11-13	0.001028402403352308	4.228624998645408e-05	0.002597693119907947
Zürich (ZH)	A.D.1.4	2024-11-16	0.0012983220602412742	3.22406102790359e-05	0.003201769112568186
Zürich (ZH)	A.D.1.4	2024-11-24	0.0029431678253396447	0.0011103520582315194	0.006472256989749033
Zürich (ZH)	A.D.1.4	2024-11-25	0.0027625868732436528	0.0010703872615390672	0.006594724026319627
Zürich (ZH)	A.D.1.4	2024-11-30	0.002071326765970258	0.0007727276993802199	0.0046841841646699505
Zürich (ZH)	A.D.1.4	2024-12-03	0.0019221235825162117	0.0007472116404164204	0.003964325037426055
Zürich (ZH)	A.D.1.4	2024-12-07	0.0018452429232181222	0.0005916211500865836	0.0034154111702274816
Zürich (ZH)	A.D.1.4	2024-12-08	0.0018193932610846607	0.0005738880676419397	0.0033809745196939963
Zürich (ZH)	A.D.1.4	2024-12-11	0.001694839790268367	0.00043981849242341446	0.0030408454747178145
Zürich (ZH)	A.D.1.4	2024-12-13	0.0015748556579962699	0.0002564222357218824	0.0029040942289987994
Zürich (ZH)	A.D.1.4	2024-12-15	0.001412141093676562	6.65757938916665e-05	0.002844135124026831
Zürich (ZH)	A.D.1.4	2024-12-19	0.0011267251992252373	8.65740030467269e-10	0.002864728266833012
Zürich (ZH)	A.D.1.4	2024-12-21	0.0010820756499195418	3.6152215212201716e-10	0.002833365926281842
Zürich (ZH)	A.D.1.4	2024-12-23	0.0010943604088223026	1.6828121402331652e-09	0.002651717289848694
Zürich (ZH)	A.D.1.4	2024-12-27	0.0010865887061548424	1.3033007316439247e-09	0.002430105790779428
Zürich (ZH)	A.D.1.4	2024-12-28	0.0010875273152990324	2.4347617601606753e-08	0.0024204853679170436
Zürich (ZH)	A.D.1.4	2025-01-01	0.0012090884836547678	0.00015328500893857795	0.002501559060397386
Zürich (ZH)	A.D.1.4	2025-01-03	0.0013536575374828294	0.00027512215935374573	0.002773676610568588
Zürich (ZH)	A.D.1.4	2025-01-09	0.001222266094061782	0.00018873969620638591	0.0027804658890455483
Zürich (ZH)	A.D.1.4	2025-01-11	0.001128019467123621	0.00014638131888942908	0.0023695914313502137
Zürich (ZH)	A.D.1.4	2025-01-13	0.0011695337649977587	0.00024598213046183296	0.0024076920919371783
Zürich (ZH)	A.D.1.4	2025-01-19	0.0015783832671829989	0.0007172366227516494	0.003012294958147491
Zürich (ZH)	A.D.1.4	2025-01-21	0.0017196632447211268	0.000785352949636169	0.0030990286840176765
Zürich (ZH)	A.D.1.4	2025-01-24	0.0021588254394621737	0.0010844744669262878	0.0037782725953485743
Zürich (ZH)	A.D.1.4	2025-01-29	0.003520674781007645	0.0017513764553540982	0.006065485028609706
Zürich (ZH)	A.D.1.4	2025-02-01	0.003512816642281219	0.0019052150083468213	0.006473017268369897
Zürich (ZH)	A.D.1.4	2025-02-06	0.00231315342565066	0.0009406391668641053	0.004134677628018719
Zürich (ZH)	A.D.1.4	2025-02-09	0.002114703254251784	0.0008928021806801596	0.003823568547085801
Zürich (ZH)	A.D.1.4	2025-02-10	0.002146645065325701	0.000952992428626194	0.003926362747809818
Zürich (ZH)	A.D.1.4	2025-02-14	0.0024577814510886183	0.0011086281991149643	0.00450430750775619
Zürich (ZH)	A.D.1.4	2025-02-18	0.0023180355263203193	0.0010538277184879562	0.004269420248069326
Zürich (ZH)	A.D.1.4	2025-02-22	0.001741443575995867	0.0006882768978496034	0.0034639264526710187
Zürich (ZH)	A.D.1.4	2025-02-26	0.0012424928648957915	4.856652140712199e-05	0.0026297040264310102
Zürich (ZH)	A.D.1.4	2025-03-02	0.0010267935582349188	8.277918370707223e-05	0.0022758109686489714
Zürich (ZH)	A.D.1.4	2025-03-06	0.0010590117993937067	8.085147357228707e-05	0.0022391292381299848
Zürich (ZH)	A.D.1.4	2025-03-07	0.0010859147179451561	0.00012210424426967615	0.0022366063261613925
Zürich (ZH)	A.D.1.4	2025-03-10	0.0010875642222007032	0.00013992687755345773	0.0021018706252254856
Zürich (ZH)	A.D.1.4	2025-03-15	0.0006945123418744664	1.3927598090550992e-08	0.0017988473094809785
Zürich (ZH)	A.D.1.4	2025-03-18	0.0006559043980399108	2.5643293509380648e-11	0.0017400148262053242
Zürich (ZH)	A.D.1.4	2025-03-23	0.0010671129753102647	2.339891427106013e-08	0.0023517464054079256
Zürich (ZH)	A.D.1.4	2025-03-26	0.0012290017254895389	0.00011776933139525208	0.002734188117331444
Zürich (ZH)	A.D.1.4	2025-03-28	0.0013386390110289549	0.0002447299564434617	0.0029910867591654983
Zürich (ZH)	A.D.1.4	2025-04-03	0.0025778016813205527	0.00034839840250808245	0.006282151629541193
Zürich (ZH)	A.D.1.4	2025-04-05	0.0036075462891783606	0.0003112133855080081	0.010601660935197424
Zürich (ZH)	A.D.1.4	2025-04-13	0.01180397894309284	1.4189524342073484e-17	0.01622118336433869
Zürich (ZH)	A.D.1.4	2025-04-18	0.000511029946107295	1.93134583004091e-23	0.004658936459534647
Zürich (ZH)	A.D.1.5	2024-11-05	0.0009347343064706515	0.0001677314337332786	0.00216199291654184
Zürich (ZH)	A.D.1.5	2024-11-08	0.0008923175858395287	0.00014051991792709057	0.0020913547887675588
Zürich (ZH)	A.D.1.5	2024-11-09	0.0009174107124185943	9.674377382138289e-05	0.002212587733141461
Zürich (ZH)	A.D.1.5	2024-11-13	0.0011130633426542438	4.465792918644292e-08	0.0031897377572443057
Zürich (ZH)	A.D.1.5	2024-11-16	0.0013882273252162542	9.675438907956042e-12	0.004392693959069809
Zürich (ZH)	A.D.1.5	2024-11-24	0.002492010309847549	0.000858503384429199	0.005384299112285067
Zürich (ZH)	A.D.1.5	2024-11-25	0.002604548673768003	0.0008186082894038807	0.005705052819636977
Zürich (ZH)	A.D.1.5	2024-11-30	0.003654551088188149	0.001439926964067982	0.00791734938256087
Zürich (ZH)	A.D.1.5	2024-12-03	0.0042598910039887625	0.0017038326265761783	0.00856321685042551
Zürich (ZH)	A.D.1.5	2024-12-07	0.005169157788140546	0.002101130430349078	0.011251548319738427
Zürich (ZH)	A.D.1.5	2024-12-08	0.005621216225746288	0.002276785936330509	0.01331906018924574
Zürich (ZH)	A.D.1.5	2024-12-11	0.008383823515415417	0.0033548959834867114	0.02393264037688155
Zürich (ZH)	A.D.1.5	2024-12-13	0.013409199398839184	0.004542229285768435	0.036194289684403025
Zürich (ZH)	A.D.1.5	2024-12-15	0.027192837784052952	0.006221350641477595	0.1244438231522087
Zürich (ZH)	A.D.1.5	2024-12-19	0.08456758034876735	0.009884419627183963	0.3041399789907019
Zürich (ZH)	A.D.1.5	2024-12-21	0.09068190678438745	0.011021341399316213	0.29635541147632644
Zürich (ZH)	A.D.1.5	2024-12-23	0.0908065705196948	0.010059161263162015	0.28893785089332774
Zürich (ZH)	A.D.1.5	2024-12-27	0.11536874927163238	0.008844729680361823	0.28895140990420204
Zürich (ZH)	A.D.1.5	2024-12-28	0.1255339762036232	0.009388139501355548	0.2908474965277681
Zürich (ZH)	A.D.1.5	2025-01-01	0.15108362379592957	0.017045437337321515	0.3092937809425579
Zürich (ZH)	A.D.1.5	2025-01-03	0.15238018858882063	0.016608099937480997	0.3037119823907458
Zürich (ZH)	A.D.1.5	2025-01-09	0.06495657171307152	0.0063521797435402375	0.25765693392795525
Zürich (ZH)	A.D.1.5	2025-01-11	0.040290646316354664	0.004881160671123838	0.24077846189404134
Zürich (ZH)	A.D.1.5	2025-01-13	0.02904711042378247	0.004268959206940975	0.1960959477037509
Zürich (ZH)	A.D.1.5	2025-01-19	0.022279453057588623	0.003989723653188918	0.14755673715989795
Zürich (ZH)	A.D.1.5	2025-01-21	0.025099248605791217	0.003999484984699878	0.153913325914773
Zürich (ZH)	A.D.1.5	2025-01-24	0.030336160145191443	0.004381860761636946	0.2022527438904797
Zürich (ZH)	A.D.1.5	2025-01-29	0.030656159216478077	0.004758398420946119	0.24689808811762182
Zürich (ZH)	A.D.1.5	2025-02-01	0.023148387396508534	0.004095168671496551	0.15304062394238502
Zürich (ZH)	A.D.1.5	2025-02-06	0.020867243961781617	0.0036617564887028646	0.13419535553643513
Zürich (ZH)	A.D.1.5	2025-02-09	0.0216665821931067	0.00415427329048925	0.10281035085549468
Zürich (ZH)	A.D.1.5	2025-02-10	0.02156770409226587	0.004429420222182707	0.0963416811638736
Zürich (ZH)	A.D.1.5	2025-02-14	0.01847688965036411	0.005343891200580411	0.08049057764586873
Zürich (ZH)	A.D.1.5	2025-02-18	0.01638300692264935	0.003976420447281648	0.08881304184765261
Zürich (ZH)	A.D.1.5	2025-02-22	0.016830347224816987	0.002803233818179216	0.07723467368250245
Zürich (ZH)	A.D.1.5	2025-02-26	0.03120263077457034	0.003304923930837567	0.207286256070191
Zürich (ZH)	A.D.1.5	2025-03-02	0.09417499549239927	0.00568840174299765	0.45156977406245635
Zürich (ZH)	A.D.1.5	2025-03-06	0.1944247902032784	0.008491339938975771	0.5356208121860812
Zürich (ZH)	A.D.1.5	2025-03-07	0.20790241639949752	0.008913071157091673	0.5398754146718471
Zürich (ZH)	A.D.1.5	2025-03-10	0.2413888694789053	0.008167224881146719	0.9348237721870656
Zürich (ZH)	A.D.1.5	2025-03-15	0.29052976208200243	0.007805265347874245	0.9721370346796956
Zürich (ZH)	A.D.1.5	2025-03-18	0.41639527341185933	0.011787903734933524	0.9782285263550089
Zürich (ZH)	A.D.1.5	2025-03-23	0.48604039715272096	0.01177460457288472	0.9812923217445638
Zürich (ZH)	A.D.1.5	2025-03-26	0.39535343930430744	0.007511289541110708	0.9781056134447117
Zürich (ZH)	A.D.1.5	2025-03-28	0.33058810478957584	0.00604366319468683	0.9736507233040995
Zürich (ZH)	A.D.1.5	2025-04-03	0.1486115394620162	0.004337642779224921	0.8554910707519849
Zürich (ZH)	A.D.1.5	2025-04-05	0.10306465624500656	0.003833612547914914	0.8449460855576162
Zürich (ZH)	A.D.1.5	2025-04-13	0.5125043153588065	0.0023746360311262707	0.9932268197243609
Zürich (ZH)	A.D.1.5	2025-04-18	0.953475501348698	0.09768099479250952	0.9988834445473299
Zürich (ZH)	A.D.3	2024-11-05	0.44859231429184376	0.005050888910988544	0.9805485592213655
Zürich (ZH)	A.D.3	2024-11-08	0.5574472672246502	0.005431682536212632	0.9835755807913669
Zürich (ZH)	A.D.3	2024-11-09	0.6311236092984337	0.006184457359036948	0.9851288749337509
Zürich (ZH)	A.D.3	2024-11-13	0.8691083908155991	0.020685720160427225	0.9906529402562966
Zürich (ZH)	A.D.3	2024-11-16	0.9224400752613083	0.3789220463708565	0.9909073193605584
Zürich (ZH)	A.D.3	2024-11-24	0.09827408757885474	0.00685423695297099	0.40920838934805764
Zürich (ZH)	A.D.3	2024-11-25	0.060830241883612635	0.005832986321399058	0.35750173935783397
Zürich (ZH)	A.D.3	2024-11-30	0.015625572555573078	0.004006733390967703	0.048223159151017034
Zürich (ZH)	A.D.3	2024-12-03	0.010131199947156458	0.003162012577082884	0.023403843096140062
Zürich (ZH)	A.D.3	2024-12-07	0.005331790308212212	0.0020693211401338362	0.012043625341899695
Zürich (ZH)	A.D.3	2024-12-08	0.0046800596763187504	0.0017563114069348977	0.010275885270253981
Zürich (ZH)	A.D.3	2024-12-11	0.003931564454937926	0.00124061585540262	0.008601751853805925
Zürich (ZH)	A.D.3	2024-12-13	0.004404041410561587	0.0013955810912426845	0.009378617376020977
Zürich (ZH)	A.D.3	2024-12-15	0.005698068281423935	0.0021474073142810197	0.012828871703840831
Zürich (ZH)	A.D.3	2024-12-19	0.01107873078147237	0.0038799468481247983	0.02435206753044281
Zürich (ZH)	A.D.3	2024-12-21	0.01292323488176008	0.004580981191747953	0.02605758236379772
Zürich (ZH)	A.D.3	2024-12-23	0.012543354273379402	0.004547165407965533	0.025922069906169
Zürich (ZH)	A.D.3	2024-12-27	0.008684507323111493	0.003034456730020593	0.020337756308519927
Zürich (ZH)	A.D.3	2024-12-28	0.008126407771780532	0.002703004375816993	0.019099028597706326
Zürich (ZH)	A.D.3	2025-01-01	0.009736391627690274	0.0032206592339897706	0.022910783068087442
Zürich (ZH)	A.D.3	2025-01-03	0.017446970736362904	0.004954865511056861	0.0489664650716703
Zürich (ZH)	A.D.3	2025-01-09	0.26633092003565173	0.07998876718754237	0.37995529938847444
Zürich (ZH)	A.D.3	2025-01-11	0.3193002732876393	0.15922807987131016	0.41644070645910325
Zürich (ZH)	A.D.3	2025-01-13	0.3320403744776324	0.20187300672943562	0.4218148214233034
Zürich (ZH)	A.D.3	2025-01-19	0.19688314579708938	0.047156951228033935	0.34761682371090064
Zürich (ZH)	A.D.3	2025-01-21	0.10866354544723537	0.015482090452026568	0.2794860357921204
Zürich (ZH)	A.D.3	2025-01-24	0.02816085707350954	0.005688450944586438	0.11311782679562495
Zürich (ZH)	A.D.3	2025-01-29	0.00479450528758795	0.0016989370899438277	0.013478141081134652
Zürich (ZH)	A.D.3	2025-02-01	0.0035387292623097113	0.0012117004394499775	0.008900652571414125
Zürich (ZH)	A.D.3	2025-02-06	0.00414147377467055	0.0011964500901162787	0.011506416611048368
Zürich (ZH)	A.D.3	2025-02-09	0.006407308765991276	0.001469651384943892	0.016416528842987835
Zürich (ZH)	A.D.3	2025-02-10	0.0080642854236116	0.0017491573962070675	0.020097896033813234
Zürich (ZH)	A.D.3	2025-02-14	0.032292973275301916	0.004873773486009703	0.18946835518347516
Zürich (ZH)	A.D.3	2025-02-18	0.08943858266312878	0.011482117544788763	0.30902459967583
Zürich (ZH)	A.D.3	2025-02-22	0.10692124088658918	0.010366291003859066	0.3284070560199342
Zürich (ZH)	A.D.3	2025-02-26	0.05553003282497335	0.005403339177469853	0.26228394793090776
Zürich (ZH)	A.D.3	2025-03-02	0.007069242977220927	0.0023213179517670465	0.016288768727287104
Zürich (ZH)	A.D.3	2025-03-06	0.003291439497721516	0.0012710597718322563	0.006501075491528659
Zürich (ZH)	A.D.3	2025-03-07	0.003123933045733563	0.0012718835777758193	0.006266535224670729
Zürich (ZH)	A.D.3	2025-03-10	0.0035615803829941645	0.001231246402153945	0.00790075921228706
Zürich (ZH)	A.D.3	2025-03-15	0.006207603976990542	0.0011377821331875265	0.01908598502333617
Zürich (ZH)	A.D.3	2025-03-18	0.006091876607984086	0.0009877881772744942	0.02235491463339372
Zürich (ZH)	A.D.3	2025-03-23	0.0028140515328065486	0.00011750380003147071	0.007015863060319382
Zürich (ZH)	A.D.3	2025-03-26	0.0018960751774930692	2.1493792257038905e-11	0.005340317011797064
Zürich (ZH)	A.D.3	2025-03-28	0.0016866015107586082	1.5081089897679781e-12	0.004985123358282216
Zürich (ZH)	A.D.3	2025-04-03	0.0026527164731613173	4.1494255072812156e-12	0.007614203183867196
Zürich (ZH)	A.D.3	2025-04-05	0.0038977769607103935	7.950172609082426e-11	0.011095176166079974
Zürich (ZH)	A.D.3	2025-04-13	0.10185510834121009	2.327959590192883e-08	0.9691755732201525
Zürich (ZH)	A.D.3	2025-04-18	0.012454731118737072	9.322531424397406e-27	0.017187941821215174
Zürich (ZH)	A.D.3.1	2024-11-05	0.00015026867372485553	5.578869241254276e-18	0.0007051957666751559
Zürich (ZH)	A.D.3.1	2024-11-08	0.00017107090599552535	1.5527725250832695e-15	0.0007572961583538432
Zürich (ZH)	A.D.3.1	2024-11-09	0.0001942743308836824	2.5951774944792644e-17	0.0008551344094947784
Zürich (ZH)	A.D.3.1	2024-11-13	0.00034176316650723245	2.1327171616918475e-16	0.0010843183516803794
Zürich (ZH)	A.D.3.1	2024-11-16	0.0004892876542079625	2.879421791185961e-13	0.0013929899771251263
Zürich (ZH)	A.D.3.1	2024-11-24	0.0010915199612741406	0.00014127783512500396	0.0025203019846270183
Zürich (ZH)	A.D.3.1	2024-11-25	0.0011047318658630092	0.0001750042072137965	0.002509551937454687
Zürich (ZH)	A.D.3.1	2024-11-30	0.001196543714623422	0.0004009861029295117	0.0022399184177616395
Zürich (ZH)	A.D.3.1	2024-12-03	0.0012515904213047178	0.0005053455991010469	0.0024418573504916908
Zürich (ZH)	A.D.3.1	2024-12-07	0.0012796283923263289	0.0005303567190878237	0.0023106570406013997
Zürich (ZH)	A.D.3.1	2024-12-08	0.001274911595008396	0.0005412768642581919	0.002232020364035135
Zürich (ZH)	A.D.3.1	2024-12-11	0.0012190572901460072	0.0005479589872980084	0.002138188418717553
Zürich (ZH)	A.D.3.1	2024-12-13	0.0011462798748120794	0.0004532999348300119	0.0019345078317481517
Zürich (ZH)	A.D.3.1	2024-12-15	0.001054004313579908	0.00036074179893115944	0.0017502126428777436
Zürich (ZH)	A.D.3.1	2024-12-19	0.0009048701877873548	0.00012742059618750314	0.0017195876092627569
Zürich (ZH)	A.D.3.1	2024-12-21	0.0008759909506760686	8.157118746514296e-05	0.001653814999089846
Zürich (ZH)	A.D.3.1	2024-12-23	0.0008583778752705792	0.00010109458399189605	0.001653524588088834
Zürich (ZH)	A.D.3.1	2024-12-27	0.0007824755727952377	6.335533494081872e-05	0.0017865782128160435
Zürich (ZH)	A.D.3.1	2024-12-28	0.0007634450970522455	3.232043525493442e-05	0.0017817595558015733
Zürich (ZH)	A.D.3.1	2025-01-01	0.0008232221764041113	3.7217280333434234e-06	0.0018711632561515456
Zürich (ZH)	A.D.3.1	2025-01-03	0.0009996855684534236	9.919860791781233e-05	0.002190945565786796
Zürich (ZH)	A.D.3.1	2025-01-09	0.00189670521349774	0.0007636342068926277	0.0036654482881736316
Zürich (ZH)	A.D.3.1	2025-01-11	0.002075541371487551	0.0008515967807114968	0.0038080790827057843
Zürich (ZH)	A.D.3.1	2025-01-13	0.0021939907033574836	0.0009584254936176144	0.004033348803281196
Zürich (ZH)	A.D.3.1	2025-01-19	0.002019397639952776	0.000850451016969248	0.0034220541312336736
Zürich (ZH)	A.D.3.1	2025-01-21	0.0018235209974277683	0.0007359583190292878	0.0033095810223241436
Zürich (ZH)	A.D.3.1	2025-01-24	0.0016582064683584128	0.0006844383945206547	0.0031083504426223573
Zürich (ZH)	A.D.3.1	2025-01-29	0.001424540138303344	0.0006206934725610432	0.0027580313264019616
Zürich (ZH)	A.D.3.1	2025-02-01	0.0012712216969528705	0.0005289178992367143	0.0024600839898952518
Zürich (ZH)	A.D.3.1	2025-02-06	0.0011895068823990563	0.0003838836966101661	0.002367970343050574
Zürich (ZH)	A.D.3.1	2025-02-09	0.001267685548921821	0.0003904246830175481	0.0026323617248760404
Zürich (ZH)	A.D.3.1	2025-02-10	0.00131565474775172	0.00037666948972384833	0.0026968487858547757
Zürich (ZH)	A.D.3.1	2025-02-14	0.001507026855838408	0.0003200565005218137	0.003099480191692524
Zürich (ZH)	A.D.3.1	2025-02-18	0.0014917591301265097	0.00022409673835839847	0.0029371286852781704
Zürich (ZH)	A.D.3.1	2025-02-22	0.0014825226345698802	0.00013290840229850885	0.003687505910330406
Zürich (ZH)	A.D.3.1	2025-02-26	0.001317063709730482	0.0001898919878938762	0.0037237724108569958
Zürich (ZH)	A.D.3.1	2025-03-02	0.0009906957197631351	3.614177821977586e-12	0.0024646160600823286
Zürich (ZH)	A.D.3.1	2025-03-06	0.0006671120417779419	1.3851515918385609e-09	0.0015985354823587208
Zürich (ZH)	A.D.3.1	2025-03-07	0.0006225412991565475	7.017861809735376e-10	0.0015125110265295989
Zürich (ZH)	A.D.3.1	2025-03-10	0.0005781867751479832	3.352227711319069e-12	0.0014323385243756811
Zürich (ZH)	A.D.3.1	2025-03-15	0.0005645712649993524	1.2963844680919087e-14	0.0014562142215527288
Zürich (ZH)	A.D.3.1	2025-03-18	0.0005791934937814042	2.36211161312198e-12	0.0013975040771840499
Zürich (ZH)	A.D.3.1	2025-03-23	0.0008507201914904521	0.000246573821872243	0.0016823464262585
Zürich (ZH)	A.D.3.1	2025-03-26	0.0009285397553684124	0.0003337504871382576	0.0016945877037938296
Zürich (ZH)	A.D.3.1	2025-03-28	0.0009801365630056928	0.00030816043245113824	0.0017718439623739502
Zürich (ZH)	A.D.3.1	2025-04-03	0.0013576998328626694	0.00010412401562953478	0.0032898890552764738
Zürich (ZH)	A.D.3.1	2025-04-05	0.0013304790930768237	5.811560699526755e-09	0.0037401050759011093
Zürich (ZH)	A.D.3.1	2025-04-13	0.00029900349951953386	1.549812926230323e-20	0.0018248015805748673
Zürich (ZH)	A.D.3.1	2025-04-18	0.00017865807356243923	1.1932758408479861e-25	0.0010378001238735921
Zürich (ZH)	A.D.5.2	2024-11-05	0.0006986651232496704	3.4785675793927023e-12	0.0018953123535651293
Zürich (ZH)	A.D.5.2	2024-11-08	0.0007008054892433363	1.736109954487136e-10	0.0018611067589607896
Zürich (ZH)	A.D.5.2	2024-11-09	0.0007407864193717185	1.9600623574491332e-08	0.001936737747090015
Zürich (ZH)	A.D.5.2	2024-11-13	0.0011361810792967387	0.00027197477939661964	0.0025717197693563443
Zürich (ZH)	A.D.5.2	2024-11-16	0.002170518174456403	0.0010311775575258465	0.003974314617219426
Zürich (ZH)	A.D.5.2	2024-11-24	0.014182427884246982	0.006333226362421617	0.03720432231523536
Zürich (ZH)	A.D.5.2	2024-11-25	0.011079572540875639	0.005323064097492924	0.02505594609216142
Zürich (ZH)	A.D.5.2	2024-11-30	0.003829016049302432	0.0023346465797490154	0.006149803607079733
Zürich (ZH)	A.D.5.2	2024-12-03	0.0030829244514470233	0.0018355233912970815	0.005012523345061875
Zürich (ZH)	A.D.5.2	2024-12-07	0.0029341025762803117	0.001703670522231351	0.004715053973327015
Zürich (ZH)	A.D.5.2	2024-12-08	0.0028253756424025844	0.001653153936445449	0.00452364171347899
Zürich (ZH)	A.D.5.2	2024-12-11	0.002238519168045263	0.0013362543880785088	0.0033968845325457915
Zürich (ZH)	A.D.5.2	2024-12-13	0.0018160307711393966	0.0010411598380907427	0.002725594890773472
Zürich (ZH)	A.D.5.2	2024-12-15	0.0014767578548137322	0.0007937695317340611	0.002332501881214188
Zürich (ZH)	A.D.5.2	2024-12-19	0.0011738336071612	0.0004577625847198066	0.002266456188255985
Zürich (ZH)	A.D.5.2	2024-12-21	0.001207562461486432	0.0004221267798256397	0.0023099449243210897
Zürich (ZH)	A.D.5.2	2024-12-23	0.0012789818218261317	0.0005086645033089884	0.0024185074425914824
Zürich (ZH)	A.D.5.2	2024-12-27	0.0012978003601806123	0.0005785823399982731	0.0024419545640778644
Zürich (ZH)	A.D.5.2	2024-12-28	0.0012949712090178816	0.0005665170454277217	0.0023850699373981744
Zürich (ZH)	A.D.5.2	2025-01-01	0.0013967764409176214	0.0006300105013589578	0.0025462960809834955
Zürich (ZH)	A.D.5.2	2025-01-03	0.001484161838416674	0.0005564025494814376	0.002747146264859488
Zürich (ZH)	A.D.5.2	2025-01-09	0.0009229294946744393	0.0001252269862359886	0.0021021639550536327
Zürich (ZH)	A.D.5.2	2025-01-11	0.0008612756698605656	0.00010552588418293052	0.0019541411623468148
Zürich (ZH)	A.D.5.2	2025-01-13	0.0011217137330215695	0.0003453962868582972	0.002179319477713257
Zürich (ZH)	A.D.5.2	2025-01-19	0.0029545705043774496	0.0016538028269275538	0.004776708765029232
Zürich (ZH)	A.D.5.2	2025-01-21	0.00310182458791671	0.0017319185463843384	0.00511371621580893
Zürich (ZH)	A.D.5.2	2025-01-24	0.0027777259200551254	0.0016292169635567437	0.0044559815955204545
Zürich (ZH)	A.D.5.2	2025-01-29	0.0016696912208901372	0.0009500089129358539	0.002513102805068079
Zürich (ZH)	A.D.5.2	2025-02-01	0.0014673810991154867	0.0007620100439721871	0.0024704983252273826
Zürich (ZH)	A.D.5.2	2025-02-06	0.0016476219830724593	0.0009230628307649909	0.002830760225765774
Zürich (ZH)	A.D.5.2	2025-02-09	0.0017362680176781372	0.000891713017925312	0.0028896496546676653
Zürich (ZH)	A.D.5.2	2025-02-10	0.0017879720580565438	0.0008497018428266778	0.0030396583612944434
Zürich (ZH)	A.D.5.2	2025-02-14	0.00215582963384022	0.0007944259596037445	0.004236590818353098
Zürich (ZH)	A.D.5.2	2025-02-18	0.002399404438821039	0.000824691965916526	0.0052934069084839
Zürich (ZH)	A.D.5.2	2025-02-22	0.002233807115805376	0.0007224864784389556	0.004371294667929849
Zürich (ZH)	A.D.5.2	2025-02-26	0.0019053898960136723	0.0007611730480902853	0.003486168027623379
Zürich (ZH)	A.D.5.2	2025-03-02	0.001683780033496062	0.0007338466297306198	0.002710526600376228
Zürich (ZH)	A.D.5.2	2025-03-06	0.0019677813951325977	0.0008966824711578149	0.0034080700948040626
Zürich (ZH)	A.D.5.2	2025-03-07	0.0021130321334865516	0.000996669939228108	0.0035176141979526344
Zürich (ZH)	A.D.5.2	2025-03-10	0.0023074896532859364	0.0012373227803991217	0.0037709853023073633
Zürich (ZH)	A.D.5.2	2025-03-15	0.0013035579714495108	0.0004524284786219074	0.0024832252481589165
Zürich (ZH)	A.D.5.2	2025-03-18	0.0010545244755460876	0.00019177264175898162	0.002285067547096562
Zürich (ZH)	A.D.5.2	2025-03-23	0.0014258765777983196	0.0004948372815867259	0.002686029700684972
Zürich (ZH)	A.D.5.2	2025-03-26	0.0014647500356595102	0.0005178913964402746	0.0026611468078383957
Zürich (ZH)	A.D.5.2	2025-03-28	0.0014736949791283932	0.0004334816725854353	0.0026706070595205237
Zürich (ZH)	A.D.5.2	2025-04-03	0.0030219074065129525	0.0009415249308692271	0.006034516841005763
Zürich (ZH)	A.D.5.2	2025-04-05	0.004991503225634198	0.001304763445251208	0.011411324497656684
Zürich (ZH)	A.D.5.2	2025-04-13	0.001980892183262188	0.0002919409738196107	0.005036724543832855
Zürich (ZH)	A.D.5.2	2025-04-18	0.00021705830438371505	4.986441869545287e-18	0.0007825740287329013
Zürich (ZH)	undetermined	2024-11-05	0.15932078105449166	1.8162244288176763e-15	0.9614572921393226
Zürich (ZH)	undetermined	2024-11-08	0.10704092208207562	1.7158505020599814e-17	0.9425456802942508
Zürich (ZH)	undetermined	2024-11-09	0.09277356533501173	4.2011641736530245e-18	0.8958359575427453
Zürich (ZH)	undetermined	2024-11-13	0.04240491533932315	1.007861517679706e-17	0.6304503172798387
Zürich (ZH)	undetermined	2024-11-16	0.03114948448245477	7.498445089648213e-19	0.35470207116707364
Zürich (ZH)	undetermined	2024-11-24	0.10511881126709108	5.744416020693058e-16	0.560664998560899
Zürich (ZH)	undetermined	2024-11-25	0.0736592956090465	6.456743664376762e-14	0.43492265834686017
Zürich (ZH)	undetermined	2024-11-30	0.02257960958672916	3.809307531974531e-09	0.08384903060424746
Zürich (ZH)	undetermined	2024-12-03	0.013037901013124359	5.534506339337394e-10	0.03651042099173171
Zürich (ZH)	undetermined	2024-12-07	0.007214835283565877	0.000838127884888354	0.01854589336804597
Zürich (ZH)	undetermined	2024-12-08	0.0064850541784107095	0.0009259093698105832	0.014771594390024996
Zürich (ZH)	undetermined	2024-12-11	0.004768482974727822	0.0002809718634423336	0.010643303224954145
Zürich (ZH)	undetermined	2024-12-13	0.003964678746732878	5.591582532743351e-10	0.008496916849543644
Zürich (ZH)	undetermined	2024-12-15	0.0035893625418868145	6.300866885717486e-12	0.008729139518651816
Zürich (ZH)	undetermined	2024-12-19	0.00632746206309451	6.177039553248029e-13	0.020617488570014112
Zürich (ZH)	undetermined	2024-12-21	0.011919886571759368	7.042119039239695e-11	0.040716115445812065
Zürich (ZH)	undetermined	2024-12-23	0.020929324003394485	0.0030681920373510077	0.09341325845324383
Zürich (ZH)	undetermined	2024-12-27	0.035509768476452874	0.007972377190161556	0.13203280634554898
Zürich (ZH)	undetermined	2024-12-28	0.036673877539291015	0.007922441687303737	0.1373401802974564
Zürich (ZH)	undetermined	2025-01-01	0.03766416639215005	0.00655298916307486	0.14037113118875885
Zürich (ZH)	undetermined	2025-01-03	0.043026890804854494	0.0033457391022006554	0.1432176595927483
Zürich (ZH)	undetermined	2025-01-09	0.020543940942360017	1.8055537381312087e-17	0.16980357726794962
Zürich (ZH)	undetermined	2025-01-11	0.008537645984852692	1.3545397400323858e-18	0.06086266103701505
Zürich (ZH)	undetermined	2025-01-13	0.00743600019810122	3.4971868808951693e-17	0.06702676140313887
Zürich (ZH)	undetermined	2025-01-19	0.030384669863478243	9.494244774768176e-14	0.18874952415595236
Zürich (ZH)	undetermined	2025-01-21	0.03804412012957322	6.80132290792803e-11	0.15734653931975146
Zürich (ZH)	undetermined	2025-01-24	0.022056977087019	0.0012791081076961594	0.0883937152622529
Zürich (ZH)	undetermined	2025-01-29	0.007665122350734672	0.001323388074662495	0.021247737098884924
Zürich (ZH)	undetermined	2025-02-01	0.005998745359627145	0.000641633047518671	0.016677986619643377
Zürich (ZH)	undetermined	2025-02-06	0.0052902640456809116	3.7527651787049783e-11	0.017439701838218455
Zürich (ZH)	undetermined	2025-02-09	0.005932481063447325	4.4690101303532866e-12	0.018472064608396985
Zürich (ZH)	undetermined	2025-02-10	0.006150089173898676	2.0051637410846486e-14	0.01986123431328563
Zürich (ZH)	undetermined	2025-02-14	0.005472756510920402	4.178229445164043e-17	0.029744316747480633
Zürich (ZH)	undetermined	2025-02-18	0.011209561386607527	2.3418037693159833e-16	0.09873508127654526
Zürich (ZH)	undetermined	2025-02-22	0.026988586047349994	2.0449646968912174e-15	0.16272977038331352
Zürich (ZH)	undetermined	2025-02-26	0.06711096065705814	0.00043802725412366565	0.34293640120815055
Zürich (ZH)	undetermined	2025-03-02	0.0539780763431221	0.002491537671475935	0.3378928441650807
Zürich (ZH)	undetermined	2025-03-06	0.028537349583373107	0.002598685418848268	0.21935007456611016
Zürich (ZH)	undetermined	2025-03-07	0.028666853287041036	0.002762181180352847	0.2341622016488041
Zürich (ZH)	undetermined	2025-03-10	0.03898696657053808	0.003957155708143665	0.33861381742115876
Zürich (ZH)	undetermined	2025-03-15	0.062061284758769604	0.0014323260157124455	0.22424004217409857
Zürich (ZH)	undetermined	2025-03-18	0.041565068639932944	9.761804757009784e-05	0.21282882483684212
Zürich (ZH)	undetermined	2025-03-23	0.008729074539467703	0.001519555607685397	0.030618939504909057
Zürich (ZH)	undetermined	2025-03-26	0.006986954339639424	0.0013793370285635161	0.016522874215097433
Zürich (ZH)	undetermined	2025-03-28	0.00622291527707384	0.000792072137026992	0.013928801903670306
Zürich (ZH)	undetermined	2025-04-03	0.005383045399506628	1.2558676382324092e-14	0.016481396020692693
Zürich (ZH)	undetermined	2025-04-05	0.005714307573747271	7.324112546595466e-17	0.01640138952944786
Zürich (ZH)	undetermined	2025-04-13	0.09136041277331997	3.3667568179307304e-18	0.9632575428633611
Zürich (ZH)	undetermined	2025-04-18	0.002829994754263701	2.5967102938668962e-24	0.01298909718363518
