mutation,mutation_frequency,counts
F:F12I,0.023809523809523808,1
F:L13I,0.047619047619047616,2
F:A16V,0.023809523809523808,1
F:A19S,0.023809523809523808,1
F:L22P,0.023809523809523808,1
F:R42K,0.21428571428571427,9
F:I59M,0.023809523809523808,1
F:T100I,0.023809523809523808,1
F:V103A,0.047619047619047616,2
F:M115V,0.047619047619047616,2
F:T118A,0.023809523809523808,1
F:T122N,0.023809523809523808,1
F:S130G,0.023809523809523808,1
F:S190N,1.0,42
F:R209Q,0.23809523809523808,10
F:S211N,1.0,42
F:T384I,0.023809523809523808,1
F:S389P,0.8333333333333334,35
F:L462Q,0.09523809523809523,4
F:N517H,0.023809523809523808,1
F:K574N,0.047619047619047616,2
