location	variant	date	proportion	proportionLower	proportionUpper
Basel (BS)	B.D.4.1.1	2024-12-09	0.0008824136350764306	7.5970381792795e-23	0.0038691575169584307
Basel (BS)	B.D.4.1.1	2025-01-01	0.001923155240299593	1.2200303087734045e-10	0.014098398413501311
Basel (BS)	B.D.4.1.1	2025-01-12	0.00045723006737790185	1.1374699836381805e-13	0.0027593987015944294
Basel (BS)	B.D.4.1.1	2025-01-16	0.00041823468308518197	3.0426006275075672e-15	0.003051503440052754
Basel (BS)	B.D.4.1.1	2025-01-20	0.0004198850275405742	3.960413472280087e-15	0.0030253778195393987
Basel (BS)	B.D.4.1.1	2025-01-24	0.0005472469988281101	3.2630470678231036e-16	0.004012741989755171
Basel (BS)	B.D.4.1.1	2025-02-02	0.0004176557091091704	3.118599613362377e-14	0.003374895581044319
Basel (BS)	B.D.4.1.1	2025-02-06	0.0002901603213276833	3.715123871413533e-14	0.0022881043532164544
Basel (BS)	B.D.4.1.1	2025-02-27	0.006979211880109161	0.00038627113839223614	0.014950142491862925
Basel (BS)	B.D.4.1.1	2025-03-03	0.0050266398275021695	0.0003126669873877507	0.013030145749135578
Basel (BS)	B.D.4.1.1	2025-03-07	0.0011215547500229555	4.629448130067832e-14	0.004279562936094262
Basel (BS)	B.D.E.1	2024-12-09	0.6296014753493256	6.590546186969831e-15	0.9954165533701609
Basel (BS)	B.D.E.1	2025-01-01	0.21572569255072652	3.813718055014415e-20	0.9431193401082457
Basel (BS)	B.D.E.1	2025-01-12	0.5074209322640469	0.003298416116843894	0.9743416892250134
Basel (BS)	B.D.E.1	2025-01-16	0.7497694871586573	0.18544142250669152	0.9790985612107191
Basel (BS)	B.D.E.1	2025-01-20	0.850127222886595	0.7355065111560127	0.9851899195257414
Basel (BS)	B.D.E.1	2025-01-24	0.9008641837466941	0.7649932767020746	0.9847296896731312
Basel (BS)	B.D.E.1	2025-02-02	0.5304166137865135	0.004108028802214807	0.9864238515026585
Basel (BS)	B.D.E.1	2025-02-06	0.20582307855854323	0.00014215753655208216	0.9855232497069449
Basel (BS)	B.D.E.1	2025-02-27	0.9764400281193844	0.9616992468496851	0.9874224533293622
Basel (BS)	B.D.E.1	2025-03-03	0.9314981164206941	0.49960110471743036	0.9861718582606258
Basel (BS)	B.D.E.1	2025-03-07	0.7413213334714426	0.2932751011077987	0.9811260107357956
Basel (BS)	B.D.E.1.1	2024-12-09	0.1241789834518677	8.257799450443536e-06	0.9808182527065603
Basel (BS)	B.D.E.1.1	2025-01-01	0.19299342160490895	0.0006193942767135311	0.9449222844362853
Basel (BS)	B.D.E.1.1	2025-01-12	0.09303886951759457	0.002823393413523772	0.5685952948135812
Basel (BS)	B.D.E.1.1	2025-01-16	0.015244970466746902	0.0022145823311890706	0.023638332112604264
Basel (BS)	B.D.E.1.1	2025-01-20	0.006590582306332222	0.002101006455595754	0.017929013144893712
Basel (BS)	B.D.E.1.1	2025-01-24	0.021327762973050078	0.0032650777391475348	0.14318118361996074
Basel (BS)	B.D.E.1.1	2025-02-02	0.010738553821129888	0.002047490067156172	0.05964132936414154
Basel (BS)	B.D.E.1.1	2025-02-06	0.003246330680749276	0.00017099105652961996	0.009326267575428752
Basel (BS)	B.D.E.1.1	2025-02-27	0.004707701884531641	0.002023281105987823	0.011460235244898533
Basel (BS)	B.D.E.1.1	2025-03-03	0.005956401159289213	0.0024001172869440343	0.014014067406044889
Basel (BS)	B.D.E.1.1	2025-03-07	0.029364643609101196	0.003303894818832268	0.2787472540385801
Basel (BS)	B.D.E.1.2	2024-12-09	0.0028142448622281093	3.548749063057363e-20	0.00699690908331785
Basel (BS)	B.D.E.1.2	2025-01-01	0.0019236922370522353	1.9749193054375e-13	0.007475310190522343
Basel (BS)	B.D.E.1.2	2025-01-12	0.0015128191152852493	0.00027465284443489816	0.004267555433508874
Basel (BS)	B.D.E.1.2	2025-01-16	0.0014779641395041316	0.00038284641770847485	0.0033319678396851794
Basel (BS)	B.D.E.1.2	2025-01-20	0.0016208169335947074	0.0003618811090922989	0.004127208708824528
Basel (BS)	B.D.E.1.2	2025-01-24	0.0027023770152792524	0.000616901284396183	0.007469717857230639
Basel (BS)	B.D.E.1.2	2025-02-02	0.0010802111311909747	1.3209734449992931e-11	0.0030410116745248753
Basel (BS)	B.D.E.1.2	2025-02-06	0.0002624687643383492	2.8839259412029275e-20	0.001003925265044756
Basel (BS)	B.D.E.1.2	2025-02-27	0.0020288581171953807	8.183109899337932e-06	0.00569657590690057
Basel (BS)	B.D.E.1.2	2025-03-03	0.001589892621997314	4.333647710819066e-16	0.005588933819292857
Basel (BS)	B.D.E.1.2	2025-03-07	0.001614436407023373	9.556667102576718e-16	0.0054957918888636085
Basel (BS)	B.D.E.1.8	2024-12-09	0.23821518846560832	1.5621260001539247e-13	0.9924184396729395
Basel (BS)	B.D.E.1.8	2025-01-01	0.5646576783652829	0.017402757526114705	0.9703137474892176
Basel (BS)	B.D.E.1.8	2025-01-12	0.3928866692440423	0.009257758448634827	0.9775820228119467
Basel (BS)	B.D.E.1.8	2025-01-16	0.22839679656605003	0.009754229526018014	0.7979065720610693
Basel (BS)	B.D.E.1.8	2025-01-20	0.13622176756517893	0.0037862192506307327	0.2515648380915605
Basel (BS)	B.D.E.1.8	2025-01-24	0.06801413842389438	0.0023633138284610317	0.2083221676893082
Basel (BS)	B.D.E.1.8	2025-02-02	0.4529206580994872	0.004342693804815443	0.985380683515207
Basel (BS)	B.D.E.1.8	2025-02-06	0.7869461277703519	0.007387011112787133	0.9941143995468089
Basel (BS)	B.D.E.1.8	2025-02-27	0.004140992488066517	0.0009979107332103306	0.011006711779874322
Basel (BS)	B.D.E.1.8	2025-03-03	0.0503479362383998	0.0022333971932320677	0.4649002272815793
Basel (BS)	B.D.E.1.8	2025-03-07	0.217552337305806	0.00545418772116595	0.6856405863592595
Basel (BS)	B.D.E.7	2024-12-09	9.340720968266436e-05	1.8436949146529622e-23	0.0006141246816271939
Basel (BS)	B.D.E.7	2025-01-01	0.0002895673393749356	1.873437759503229e-24	0.0027991637231261266
Basel (BS)	B.D.E.7	2025-01-12	0.0004109561506361963	2.5711828744583364e-16	0.0014068634282136845
Basel (BS)	B.D.E.7	2025-01-16	0.00040787018670549786	5.831721877822396e-16	0.0016251071431446654
Basel (BS)	B.D.E.7	2025-01-20	0.0005314171963179594	7.087586984301587e-13	0.0017864352497079644
Basel (BS)	B.D.E.7	2025-01-24	0.0008962268239325044	3.729450734714695e-05	0.0024481954904533574
Basel (BS)	B.D.E.7	2025-02-02	0.000518033213750344	2.1232788517092913e-14	0.0013516245222942856
Basel (BS)	B.D.E.7	2025-02-06	0.0002836469810105654	6.054908527679429e-16	0.0009431756340081147
Basel (BS)	B.D.E.7	2025-02-27	0.0036187948252896424	0.001701645624712067	0.006458173041593575
Basel (BS)	B.D.E.7	2025-03-03	0.002482671914035757	0.0011047207062936794	0.004882554431211336
Basel (BS)	B.D.E.7	2025-03-07	0.0020694692435644737	0.0007177605129221998	0.004326030271551481
Basel (BS)	undetermined	2024-12-09	0.004214287026211192	0.0013895742553990547	0.008067168260009052
Basel (BS)	undetermined	2025-01-01	0.02248679266235483	0.0009378045713152499	0.08640051735339273
Basel (BS)	undetermined	2025-01-12	0.004272523641016866	0.0019851126012131676	0.006421982392829995
Basel (BS)	undetermined	2025-01-16	0.004284676799250885	0.0018934469223215661	0.006659611725952842
Basel (BS)	undetermined	2025-01-20	0.004488308084440539	0.0022186907055205306	0.00735683552808458
Basel (BS)	undetermined	2025-01-24	0.0056480640183216154	0.0028793941128141868	0.009185230646602205
Basel (BS)	undetermined	2025-02-02	0.003908274238818973	0.001254932446108348	0.007209592010429713
Basel (BS)	undetermined	2025-02-06	0.003148186923678945	0.0013238690408513697	0.005243376100260773
Basel (BS)	undetermined	2025-02-27	0.002084412685423238	2.8323553150250313e-18	0.010226729902796064
Basel (BS)	undetermined	2025-03-03	0.003098341818081632	1.0551744533918287e-18	0.009655713702860386
Basel (BS)	undetermined	2025-03-07	0.006956225213039438	0.0027522314842375237	0.014434027225207452
Chur (GR)	B.D.4.1.1	2024-12-07	0.0006921034075933608	2.940037135471073e-12	0.0037912404956241485
Chur (GR)	B.D.4.1.1	2024-12-15	0.0011793016999011037	6.969699178054302e-14	0.007369345176116064
Chur (GR)	B.D.4.1.1	2024-12-20	0.0010287178564333367	1.9027770981650477e-16	0.006637316640445854
Chur (GR)	B.D.4.1.1	2024-12-28	0.0009296597291412411	8.594380922912913e-19	0.004304881388971322
Chur (GR)	B.D.4.1.1	2024-12-29	0.0009780452510365944	3.2551219790296203e-20	0.005089407737077172
Chur (GR)	B.D.4.1.1	2025-01-11	0.0005032624443406065	7.686503627090308e-14	0.003769249310695084
Chur (GR)	B.D.4.1.1	2025-01-19	0.0003769218870631544	1.070400598232119e-10	0.002900320905385487
Chur (GR)	B.D.4.1.1	2025-01-21	0.0004225505555459968	9.201521815390743e-12	0.002878508682455106
Chur (GR)	B.D.4.1.1	2025-01-24	0.0005792901171013029	1.773043455274211e-14	0.004607273373477025
Chur (GR)	B.D.4.1.1	2025-01-29	0.0010088951241258198	4.217672658409443e-12	0.007549495473392356
Chur (GR)	B.D.4.1.1	2025-02-01	0.0015312398663387934	3.344386924302962e-14	0.00880452151319915
Chur (GR)	B.D.4.1.1	2025-02-06	0.0032013398243465555	1.3337527156866107e-15	0.009489236244559857
Chur (GR)	B.D.4.1.1	2025-02-09	0.00352430286794031	1.7101099205212715e-18	0.009152425590542478
Chur (GR)	B.D.4.1.1	2025-02-10	0.0037478873589501024	1.0303370841090371e-18	0.009414980921442152
Chur (GR)	B.D.4.1.1	2025-02-14	0.004364439006591427	7.693772710436604e-16	0.010389919865816295
Chur (GR)	B.D.4.1.1	2025-02-18	0.0036814104265869706	1.6598768555385954e-15	0.008441921668799812
Chur (GR)	B.D.4.1.1	2025-02-22	0.002797603472092827	4.3790049065330596e-13	0.0066196013177932745
Chur (GR)	B.D.4.1.1	2025-02-26	0.0021802333302075568	5.6755737359646104e-14	0.00570519904260296
Chur (GR)	B.D.4.1.1	2025-03-02	0.0011141834580707267	9.447313158002726e-17	0.004001250325341472
Chur (GR)	B.D.4.1.1	2025-03-06	0.000738326259533196	1.7701403545416544e-15	0.0036310997236594944
Chur (GR)	B.D.4.1.1	2025-03-07	0.0007154600026440835	8.655670012394996e-17	0.003597482456041644
Chur (GR)	B.D.4.1.1	2025-03-15	0.0015868348027049902	3.418127945814437e-19	0.008115852472573251
Chur (GR)	B.D.4.1.1	2025-03-23	0.003658530712397332	9.297806251502087e-08	0.031641756264687945
Chur (GR)	B.D.4.1.1	2025-04-05	0.0043774291900663094	0.0011919841471716023	0.008804892824902282
Chur (GR)	B.D.4.1.1	2025-04-07	0.004445668118739896	0.0011633505813180931	0.009387381651442716
Chur (GR)	B.D.4.1.1	2025-04-13	0.0048354696665636136	0.0014152753998935245	0.013320698960776218
Chur (GR)	B.D.4.1.1	2025-04-18	0.004957346216341873	0.0012078084457002073	0.015398110641282492
Chur (GR)	B.D.E.1	2024-12-07	0.6445732968598396	5.567650405043356e-10	0.993975426761823
Chur (GR)	B.D.E.1	2024-12-15	0.9473855253999061	0.25561806853122626	0.9930322237982805
Chur (GR)	B.D.E.1	2024-12-20	0.9337649067834783	0.4228222312255894	0.9882021428987735
Chur (GR)	B.D.E.1	2024-12-28	0.2764040494860518	1.350463086500338e-18	0.9766710667387432
Chur (GR)	B.D.E.1	2024-12-29	0.27340694732411763	4.9105420158138316e-21	0.9766813688797341
Chur (GR)	B.D.E.1	2025-01-11	0.8515224223003643	0.045834557089524004	0.9912303436257403
Chur (GR)	B.D.E.1	2025-01-19	0.5363871824648352	0.008208394502917181	0.9880436422125204
Chur (GR)	B.D.E.1	2025-01-21	0.44330250037744284	0.00530609966166281	0.9844434010627058
Chur (GR)	B.D.E.1	2025-01-24	0.3722301363515249	0.0049304683825511795	0.9592822638800832
Chur (GR)	B.D.E.1	2025-01-29	0.5802905043152046	0.13783665545311571	0.9619177005543295
Chur (GR)	B.D.E.1	2025-02-01	0.8204532198182597	0.23798449232795255	0.9776792234266108
Chur (GR)	B.D.E.1	2025-02-06	0.9640962258179079	0.908734327930568	0.990588352457423
Chur (GR)	B.D.E.1	2025-02-09	0.9834376347315341	0.9585633589753193	0.9917683955423305
Chur (GR)	B.D.E.1	2025-02-10	0.9839029198735086	0.9625107619381285	0.9912916189975637
Chur (GR)	B.D.E.1	2025-02-14	0.9827649978241958	0.9667505606524381	0.9898985266461137
Chur (GR)	B.D.E.1	2025-02-18	0.9818651471802827	0.9634163360197074	0.9901541541210713
Chur (GR)	B.D.E.1	2025-02-22	0.9732407171186108	0.923201263358919	0.9897707797401967
Chur (GR)	B.D.E.1	2025-02-26	0.9807158739921791	0.9579539138171217	0.9892647402239133
Chur (GR)	B.D.E.1	2025-03-02	0.9806181622535951	0.9625921425340116	0.9897763686868122
Chur (GR)	B.D.E.1	2025-03-06	0.9764275822959056	0.8611293238681036	0.9901105849931661
Chur (GR)	B.D.E.1	2025-03-07	0.9748929363611535	0.8562120661425066	0.9897940971099125
Chur (GR)	B.D.E.1	2025-03-15	0.9102676950284121	0.5062131025818645	0.9774603614055017
Chur (GR)	B.D.E.1	2025-03-23	0.13359642397721375	6.602550459728982e-29	0.9791848201527418
Chur (GR)	B.D.E.1	2025-04-05	0.8655020108921831	0.0034159559405291823	0.9928865932501295
Chur (GR)	B.D.E.1	2025-04-07	0.8899881423390354	0.002640011894372358	0.9928491483274021
Chur (GR)	B.D.E.1	2025-04-13	0.8438055829364178	0.0043825668085558656	0.9928899888381822
Chur (GR)	B.D.E.1	2025-04-18	0.8619296816423779	5.045770530509725e-09	0.9922313552287383
Chur (GR)	B.D.E.1.1	2024-12-07	0.0016621922997452055	8.029637782939193e-17	0.006762364884958049
Chur (GR)	B.D.E.1.1	2024-12-15	0.001680766575543971	0.0003440402216410642	0.004811663195684597
Chur (GR)	B.D.E.1.1	2024-12-20	0.0036922593468785556	0.0010431918395245648	0.00789207466811015
Chur (GR)	B.D.E.1.1	2024-12-28	0.0034520264691331294	1.1652528850562958e-12	0.015647698987184818
Chur (GR)	B.D.E.1.1	2024-12-29	0.0033560310812294418	1.864885480579447e-15	0.015287110565947365
Chur (GR)	B.D.E.1.1	2025-01-11	0.0037573055836265627	0.0009062983871533253	0.006895025905434743
Chur (GR)	B.D.E.1.1	2025-01-19	0.004368634432054822	0.001577176436996367	0.009740882526946142
Chur (GR)	B.D.E.1.1	2025-01-21	0.00452024201017776	0.0016380178232695433	0.009289798572163513
Chur (GR)	B.D.E.1.1	2025-01-24	0.005856196532601438	0.0016787867520696828	0.01072854168652134
Chur (GR)	B.D.E.1.1	2025-01-29	0.009421406464238322	0.001790808558047077	0.02700342858532842
Chur (GR)	B.D.E.1.1	2025-02-01	0.01788681463736887	0.001604935964588599	0.10376588868507784
Chur (GR)	B.D.E.1.1	2025-02-06	0.004394787478279678	0.0006964188904731524	0.02204583301856954
Chur (GR)	B.D.E.1.1	2025-02-09	0.0028727601543034782	0.0006360984341141939	0.00836462416746905
Chur (GR)	B.D.E.1.1	2025-02-10	0.0026421345519542223	0.0006881660586005266	0.006807605333563132
Chur (GR)	B.D.E.1.1	2025-02-14	0.0027839483713017936	0.0009494426594034037	0.006175354590215402
Chur (GR)	B.D.E.1.1	2025-02-18	0.004940006016159886	0.0014891983908453203	0.01201441163052268
Chur (GR)	B.D.E.1.1	2025-02-22	0.011620737340542895	0.0015323280878276496	0.04695712174291493
Chur (GR)	B.D.E.1.1	2025-02-26	0.004611637230354088	0.0011168153075001434	0.015745418025469096
Chur (GR)	B.D.E.1.1	2025-03-02	0.002329003559938019	0.0006965934853829754	0.006301319816939725
Chur (GR)	B.D.E.1.1	2025-03-06	0.002045563027565091	0.0006729249009970236	0.005495154416660698
Chur (GR)	B.D.E.1.1	2025-03-07	0.002132725848945714	0.000671562136966407	0.005840386373368087
Chur (GR)	B.D.E.1.1	2025-03-15	0.005940399335128133	0.0011577961486688815	0.014075064946612632
Chur (GR)	B.D.E.1.1	2025-03-23	0.01148071095688893	2.87084857001418e-09	0.04968924233320666
Chur (GR)	B.D.E.1.1	2025-04-05	0.03230476952139194	0.00024809777161319637	0.5191483278419324
Chur (GR)	B.D.E.1.1	2025-04-07	0.023441005157474257	0.00030987930125667433	0.09800748904632654
Chur (GR)	B.D.E.1.1	2025-04-13	0.002587188712160242	0.0004688429612632077	0.012121309954148358
Chur (GR)	B.D.E.1.1	2025-04-18	0.0028282933830091374	0.0005197207668167348	0.011303002261567698
Chur (GR)	B.D.E.1.2	2024-12-07	0.00020466766969614276	1.1637904207142435e-24	0.0014826462385426444
Chur (GR)	B.D.E.1.2	2024-12-15	0.0010135594491514723	5.982201367681191e-21	0.006406473900212535
Chur (GR)	B.D.E.1.2	2024-12-20	0.003279208599015273	8.399697780107625e-14	0.02294052010970058
Chur (GR)	B.D.E.1.2	2024-12-28	0.01913227351556122	6.435259743926557e-13	0.2550734625562162
Chur (GR)	B.D.E.1.2	2024-12-29	0.017858275224660543	1.491704820367396e-14	0.2734340123512321
Chur (GR)	B.D.E.1.2	2025-01-11	0.0005994495474540907	2.4688804991071056e-17	0.002889485029374037
Chur (GR)	B.D.E.1.2	2025-01-19	0.00019246424446641065	2.1191086438934615e-20	0.0008832444098038046
Chur (GR)	B.D.E.1.2	2025-01-21	0.0001910073047530171	6.481342889668354e-19	0.0010002869377583323
Chur (GR)	B.D.E.1.2	2025-01-24	0.00022981006445649038	3.1357032705806715e-19	0.0011615464213956808
Chur (GR)	B.D.E.1.2	2025-01-29	0.0006964698772478256	3.2614332693243328e-15	0.0027957361791271455
Chur (GR)	B.D.E.1.2	2025-02-01	0.0012691699091073344	3.676185201627215e-15	0.005327779347602269
Chur (GR)	B.D.E.1.2	2025-02-06	0.00022081977443782298	3.54342666543355e-18	0.0010981572310019602
Chur (GR)	B.D.E.1.2	2025-02-09	0.00012451706874180594	4.073710805979715e-18	0.000871815526878684
Chur (GR)	B.D.E.1.2	2025-02-10	0.0001389435745957395	8.814730960852019e-19	0.0008976299849626869
Chur (GR)	B.D.E.1.2	2025-02-14	0.00030948824562022643	7.67636460820125e-17	0.0011766283046668264
Chur (GR)	B.D.E.1.2	2025-02-18	0.0005565072755411905	4.737098629162002e-12	0.0017570096525467856
Chur (GR)	B.D.E.1.2	2025-02-22	0.000942850688462894	2.022338381891671e-10	0.0032592815988867637
Chur (GR)	B.D.E.1.2	2025-02-26	0.002190778771062554	8.330358416667715e-08	0.007882367273774959
Chur (GR)	B.D.E.1.2	2025-03-02	0.005380941272474116	0.00034347107840898344	0.025254225339909772
Chur (GR)	B.D.E.1.2	2025-03-06	0.00923147234537441	0.0006780451483523621	0.12628849632889919
Chur (GR)	B.D.E.1.2	2025-03-07	0.010057049447427047	0.0007373368777213931	0.1304754413011769
Chur (GR)	B.D.E.1.2	2025-03-15	0.03442539836023946	0.0014795433008496783	0.3239518823838128
Chur (GR)	B.D.E.1.2	2025-03-23	0.0006703299275880389	3.581877833366222e-33	0.005465889956364988
Chur (GR)	B.D.E.1.2	2025-04-05	0.04418083516789025	0.0004673350273718699	0.9729939278449569
Chur (GR)	B.D.E.1.2	2025-04-07	0.05666486931700393	0.0006021713217241281	0.9803749041522429
Chur (GR)	B.D.E.1.2	2025-04-13	0.11406043491178754	0.0006528929533996823	0.9823214214621203
Chur (GR)	B.D.E.1.2	2025-04-18	0.07330435502269485	0.00025816089438655376	0.9649976837778815
Chur (GR)	B.D.E.1.8	2024-12-07	0.34777960699625454	0.0006304541239443727	0.9939720746031908
Chur (GR)	B.D.E.1.8	2024-12-15	0.02749853673744288	0.0005242882237810913	0.2834813266067634
Chur (GR)	B.D.E.1.8	2024-12-20	0.041871881455107667	0.0015401958446848811	0.5268475364616916
Chur (GR)	B.D.E.1.8	2024-12-28	0.6851148936004258	0.005103102188973535	0.9929583807142783
Chur (GR)	B.D.E.1.8	2024-12-29	0.6889933123415727	0.005176490147063724	0.9930765606882823
Chur (GR)	B.D.E.1.8	2025-01-11	0.13778428177392568	0.0017869540417808107	0.9464228278964922
Chur (GR)	B.D.E.1.8	2025-01-19	0.45434925792569125	0.005247374255171417	0.9838009136491661
Chur (GR)	B.D.E.1.8	2025-01-21	0.5471290301441675	0.008300416785076589	0.986011082214492
Chur (GR)	B.D.E.1.8	2025-01-24	0.6156638077986951	0.02794148853639674	0.9844120401457028
Chur (GR)	B.D.E.1.8	2025-01-29	0.39694261182116114	0.020449408634171024	0.8428338004096617
Chur (GR)	B.D.E.1.8	2025-02-01	0.14453905173098022	0.004274696041366829	0.7358122204991783
Chur (GR)	B.D.E.1.8	2025-02-06	0.02110972090880833	0.0012234819890068597	0.07117974871382278
Chur (GR)	B.D.E.1.8	2025-02-09	0.0037477025994468284	0.0007969794926723295	0.01825659085144072
Chur (GR)	B.D.E.1.8	2025-02-10	0.0031607449321762408	0.0007359101276578454	0.01575753035230283
Chur (GR)	B.D.E.1.8	2025-02-14	0.0027499865123775226	0.0006410896762463937	0.009144748825992808
Chur (GR)	B.D.E.1.8	2025-02-18	0.00405591427648328	0.0012350126317647438	0.010171287266908956
Chur (GR)	B.D.E.1.8	2025-02-22	0.007979963732259983	0.0014420830075138839	0.023218874297878125
Chur (GR)	B.D.E.1.8	2025-02-26	0.005650539496158731	0.0014817958869259215	0.015447705651712173
Chur (GR)	B.D.E.1.8	2025-03-02	0.0036047675588420335	0.0010894270850505374	0.008736130813941752
Chur (GR)	B.D.E.1.8	2025-03-06	0.0034384992949612054	0.0007811218893489569	0.0113381832688591
Chur (GR)	B.D.E.1.8	2025-03-07	0.0036667956550666724	0.0007805232902190435	0.013059441350002983
Chur (GR)	B.D.E.1.8	2025-03-15	0.022463675314494003	0.0023188607786154268	0.10770691149287902
Chur (GR)	B.D.E.1.8	2025-03-23	0.8005079761183552	0.0024022384453173617	0.9935528509020278
Chur (GR)	B.D.E.1.8	2025-04-05	0.052623669062420025	0.000224978186354264	0.9655280012554028
Chur (GR)	B.D.E.1.8	2025-04-07	0.02440338596241013	0.00029210925472531113	0.06723867169094384
Chur (GR)	B.D.E.1.8	2025-04-13	0.032918914701293794	0.0004828221569650072	0.5157802594646356
Chur (GR)	B.D.E.1.8	2025-04-18	0.054534334021303345	0.0008845787437490318	0.9540392377010409
Chur (GR)	B.D.E.7	2024-12-07	0.0009499125697096053	2.87245759945644e-16	0.0038011372643162507
Chur (GR)	B.D.E.7	2024-12-15	0.0008848646378689362	5.507184913573174e-20	0.002845952617667557
Chur (GR)	B.D.E.7	2024-12-20	0.0015783795418326042	4.62441652082191e-15	0.004496087614214132
Chur (GR)	B.D.E.7	2024-12-28	0.0009285735140147976	2.074698282537484e-20	0.0034501659064531016
Chur (GR)	B.D.E.7	2024-12-29	0.0009206784976501554	3.884971410396286e-20	0.003347748877384916
Chur (GR)	B.D.E.7	2025-01-11	0.0009312715257485722	2.76684410615496e-17	0.002958127746955277
Chur (GR)	B.D.E.7	2025-01-19	0.00032411570750324434	1.2257930367022583e-17	0.0012278837887606028
Chur (GR)	B.D.E.7	2025-01-21	0.0003335989693166427	1.0529818910528386e-18	0.0012271695845736028
Chur (GR)	B.D.E.7	2025-01-24	0.0004947638097540681	3.419470163987122e-17	0.0014588904628174471
Chur (GR)	B.D.E.7	2025-01-29	0.0015427107568835904	0.0002753344478808303	0.003499883287592811
Chur (GR)	B.D.E.7	2025-02-01	0.0024880019994411584	0.0007678982369521927	0.005072851355562763
Chur (GR)	B.D.E.7	2025-02-06	0.0028904868857304333	0.0011208319095881252	0.006073325065876234
Chur (GR)	B.D.E.7	2025-02-09	0.003308396849183145	0.0013397601189601503	0.00694167154050371
Chur (GR)	B.D.E.7	2025-02-10	0.003578098286204253	0.0014472429339769126	0.007429332608525535
Chur (GR)	B.D.E.7	2025-02-14	0.0045225089527320215	0.0017318973528334634	0.008608742089843087
Chur (GR)	B.D.E.7	2025-02-18	0.002899528239944516	0.0011464915942511482	0.005549666760877495
Chur (GR)	B.D.E.7	2025-02-22	0.0015085131422652763	0.00043001557093741763	0.0032899879634271777
Chur (GR)	B.D.E.7	2025-02-26	0.0013419699664058112	2.593908261320679e-07	0.003171688320150581
Chur (GR)	B.D.E.7	2025-03-02	0.001515659866798114	1.222762503134456e-07	0.0032121533530143874
Chur (GR)	B.D.E.7	2025-03-06	0.0017873444358605132	0.0001926456578114344	0.003686978901944543
Chur (GR)	B.D.E.7	2025-03-07	0.001954664609914224	0.000223177931144497	0.004034256498969998
Chur (GR)	B.D.E.7	2025-03-15	0.013220281435535948	0.003151043719526789	0.032493702100875446
Chur (GR)	B.D.E.7	2025-03-23	0.0033842636551844802	1.2881524756081277e-22	0.01500521516364207
Chur (GR)	B.D.E.7	2025-04-05	7.635146926737022e-05	2.020528446917709e-21	0.0006903871828701723
Chur (GR)	B.D.E.7	2025-04-07	0.00014868435397635222	3.6558738057443033e-22	0.0011115249755029206
Chur (GR)	B.D.E.7	2025-04-13	0.0008154369557015626	1.521306156513364e-20	0.003142420070636496
Chur (GR)	B.D.E.7	2025-04-18	0.0014967713892944615	3.218422893577909e-16	0.005545309196047282
Chur (GR)	undetermined	2024-12-07	0.004138220197161624	0.0011328744546066907	0.009357138351520425
Chur (GR)	undetermined	2024-12-15	0.020357445500185544	0.0018138412940589506	0.04660008305562478
Chur (GR)	undetermined	2024-12-20	0.01478464641725421	0.0038396742434253645	0.0572435600762724
Chur (GR)	undetermined	2024-12-28	0.014038523685672145	0.0019438289718378848	0.07663431975930364
Chur (GR)	undetermined	2024-12-29	0.014486710279732966	0.001813050648144182	0.0769998918600385
Chur (GR)	undetermined	2025-01-11	0.004902006824540065	0.0014343422671950566	0.00924470434516075
Chur (GR)	undetermined	2025-01-19	0.00400142333838596	0.0017560243142915823	0.007248889181114933
Chur (GR)	undetermined	2025-01-21	0.004101070638596253	0.0017903825534558366	0.007146438756990475
Chur (GR)	undetermined	2025-01-24	0.004945995325866701	0.0012200613332384142	0.009438563077798673
Chur (GR)	undetermined	2025-01-29	0.01009740164113869	0.004081358747411782	0.020079843380729535
Chur (GR)	undetermined	2025-02-01	0.011832502038503959	0.003992033968907315	0.024590159292874628
Chur (GR)	undetermined	2025-02-06	0.004086619310489325	1.2140410064038692e-24	0.011983395607980679
Chur (GR)	undetermined	2025-02-09	0.0029846857288503142	2.9187619093970734e-26	0.01057793188242069
Chur (GR)	undetermined	2025-02-10	0.0028292714226108317	7.613228164955827e-27	0.010983295456208174
Chur (GR)	undetermined	2025-02-14	0.0025046310871812884	4.0898148020013656e-27	0.010165722723478567
Chur (GR)	undetermined	2025-02-18	0.002001486585001397	2.6717533325557234e-27	0.008174088092989015
Chur (GR)	undetermined	2025-02-22	0.0019096145057652622	9.891110612845857e-22	0.007146552680186449
Chur (GR)	undetermined	2025-02-26	0.0033089672136322724	4.59277660631088e-14	0.008683981977191621
Chur (GR)	undetermined	2025-03-02	0.005437282030281915	0.0016368691160246237	0.011778551495705353
Chur (GR)	undetermined	2025-03-06	0.006331212340799906	0.0024787290695622273	0.014548693747317553
Chur (GR)	undetermined	2025-03-07	0.006580368074848742	0.002594993323586921	0.015093403810395204
Chur (GR)	undetermined	2025-03-15	0.012095715723485485	0.003038259505614837	0.02574969035329963
Chur (GR)	undetermined	2025-03-23	0.04670176465237222	7.540598251242343e-07	0.5432716755394181
Chur (GR)	undetermined	2025-04-05	0.0009349346967808475	1.5533768028391374e-24	0.0043600392123397
Chur (GR)	undetermined	2025-04-07	0.0009082447513600235	1.6476470389946423e-27	0.003859802321017061
Chur (GR)	undetermined	2025-04-13	0.000976972116075471	4.1421685461514326e-23	0.004414549626363762
Chur (GR)	undetermined	2025-04-18	0.0009492183249783515	8.271013511610371e-24	0.004266535563401598
Genève (GE)	B.D.4.1.1	2024-11-06	0.003730429193065573	7.134229205838014e-08	0.010591034178692466
Genève (GE)	B.D.4.1.1	2024-11-07	0.0036377815323090723	7.468893782414662e-07	0.00999441316114553
Genève (GE)	B.D.4.1.1	2024-11-14	0.0033251300392317896	5.139708877519785e-08	0.007921481863026802
Genève (GE)	B.D.4.1.1	2024-11-18	0.0034492333537232893	7.95757545857173e-09	0.006584324689954367
Genève (GE)	B.D.4.1.1	2024-11-22	0.004101623379801696	3.4249126221186294e-08	0.006798603750821019
Genève (GE)	B.D.4.1.1	2024-11-23	0.004223289357514604	1.3998760486062886e-10	0.0070310737691020786
Genève (GE)	B.D.4.1.1	2024-11-25	0.0044475624872605014	2.2056409602099586e-12	0.007472369770538937
Genève (GE)	B.D.4.1.1	2024-12-04	0.003007319183858684	1.0571415514686389e-13	0.011360175357864238
Genève (GE)	B.D.4.1.1	2024-12-08	0.0027455461321615987	3.570054292875145e-14	0.010684560384005866
Genève (GE)	B.D.4.1.1	2024-12-09	0.0027666776043736335	2.389277580003955e-14	0.010647492610475439
Genève (GE)	B.D.4.1.1	2024-12-12	0.0027761727005052735	7.762911454627163e-14	0.01051465200123501
Genève (GE)	B.D.4.1.1	2024-12-14	0.0028801771622865985	2.3596388103748205e-14	0.010822976242372311
Genève (GE)	B.D.4.1.1	2024-12-16	0.003135485794022548	2.568401654694607e-15	0.01151182423963885
Genève (GE)	B.D.4.1.1	2024-12-18	0.003530886044776302	3.838539036217418e-15	0.012295630191352942
Genève (GE)	B.D.4.1.1	2024-12-19	0.0038321486615831126	2.4541485521672562e-15	0.012686935383925896
Genève (GE)	B.D.4.1.1	2024-12-24	0.0058459974178211496	1.5669815338149143e-12	0.01381511742808738
Genève (GE)	B.D.4.1.1	2024-12-28	0.006815755336970664	3.735467094659729e-12	0.014502250221249914
Genève (GE)	B.D.4.1.1	2024-12-29	0.006938376029644184	4.6236875379696334e-11	0.014025386638555024
Genève (GE)	B.D.4.1.1	2025-01-01	0.007642666960627244	5.010957435154987e-09	0.0131751365396553
Genève (GE)	B.D.4.1.1	2025-01-04	0.008246168104528774	0.001977810611782066	0.013213005667007817
Genève (GE)	B.D.4.1.1	2025-01-09	0.008955566133618413	0.0028291778444387568	0.014895489050025986
Genève (GE)	B.D.4.1.1	2025-01-12	0.009661467626071714	0.002757859429237254	0.01640843036594221
Genève (GE)	B.D.4.1.1	2025-01-16	0.011059448440097598	0.002935067291578952	0.020684999989696713
Genève (GE)	B.D.4.1.1	2025-01-20	0.008302853257227395	0.0017617723909858919	0.020378155117619506
Genève (GE)	B.D.4.1.1	2025-01-21	0.007403545561719172	0.0017629432621013867	0.017717691712905978
Genève (GE)	B.D.4.1.1	2025-01-25	0.004758807258315121	0.00015862642572238967	0.008667158198237643
Genève (GE)	B.D.4.1.1	2025-01-29	0.003929501741991703	0.0009122754547725073	0.007626280645486109
Genève (GE)	B.D.4.1.1	2025-02-02	0.004084421637659352	0.0012585205364680102	0.008036791623068338
Genève (GE)	B.D.4.1.1	2025-02-04	0.004575433938017847	0.0016094794411133499	0.008151990267537577
Genève (GE)	B.D.4.1.1	2025-02-10	0.005178909063203738	0.0020606364128275306	0.008215019352602715
Genève (GE)	B.D.4.1.1	2025-02-11	0.005052990195755186	0.0021031173856232727	0.008014868699970526
Genève (GE)	B.D.4.1.1	2025-02-12	0.004919856355999981	0.0016929954292884707	0.008028047296753627
Genève (GE)	B.D.4.1.1	2025-02-18	0.0034530123190517326	0.00020115418150249076	0.006856959181198102
Genève (GE)	B.D.4.1.1	2025-02-20	0.00309858857543783	5.714258429922589e-10	0.0067401248077608176
Genève (GE)	B.D.4.1.1	2025-03-03	0.07788461435129677	4.772330664223047e-17	0.33105720696661944
Genève (GE)	B.D.4.1.1	2025-03-06	0.12032429012549752	1.7246115047691496e-14	0.5437415910291666
Genève (GE)	B.D.4.1.1	2025-03-08	0.11107647669224205	6.392038735600651e-16	0.3520678844132533
Genève (GE)	B.D.4.1.1	2025-03-16	0.026234625465080565	1.0377777400654099e-20	0.2853905522414642
Genève (GE)	B.D.4.1.1	2025-03-18	0.02789057737426151	1.7534968425270411e-19	0.2843092392020123
Genève (GE)	B.D.4.1.1	2025-03-29	0.13752374672808965	4.682098424821111e-11	0.4987442663107842
Genève (GE)	B.D.4.1.1	2025-04-03	0.045450068486673614	3.2342832557153212e-09	0.49505240809083556
Genève (GE)	B.D.4.1.1	2025-04-14	0.002011470543411644	6.05663432983711e-11	0.004651470047610718
Genève (GE)	B.D.4.1.1	2025-04-16	0.0018210401415940615	6.472346828486967e-05	0.003746157063063892
Genève (GE)	B.D.E.1	2024-11-06	0.6330669260376958	0.012393240641048422	0.9866724973736577
Genève (GE)	B.D.E.1	2024-11-07	0.6919948679654354	0.33001873739016574	0.9881801755305956
Genève (GE)	B.D.E.1	2024-11-14	0.972860891868139	0.8310642718200907	0.992312347204303
Genève (GE)	B.D.E.1	2024-11-18	0.9874637118038727	0.978278897931007	0.9929647373330857
Genève (GE)	B.D.E.1	2024-11-22	0.9830118207572053	0.9791045776469862	0.9930748099807069
Genève (GE)	B.D.E.1	2024-11-23	0.982084757132162	0.9711252223684259	0.9928910431892033
Genève (GE)	B.D.E.1	2024-11-25	0.974262391928453	0.8552894338331188	0.9919881714131618
Genève (GE)	B.D.E.1	2024-12-04	0.9819814667860928	0.9745293129033914	0.988726883718054
Genève (GE)	B.D.E.1	2024-12-08	0.9833664472168236	0.9766467807045784	0.9887594372512729
Genève (GE)	B.D.E.1	2024-12-09	0.9831477359920655	0.9763315320085919	0.9883846417082063
Genève (GE)	B.D.E.1	2024-12-12	0.9812594685102073	0.9736558152109058	0.986845041115677
Genève (GE)	B.D.E.1	2024-12-14	0.9787230604356887	0.969372033839264	0.9852426627065767
Genève (GE)	B.D.E.1	2024-12-16	0.9745263715531018	0.9622983869643796	0.9818959685904343
Genève (GE)	B.D.E.1	2024-12-18	0.9679611856721344	0.9494163244504642	0.9785893573352412
Genève (GE)	B.D.E.1	2024-12-19	0.9640018105439913	0.9407453487781521	0.9768519913253506
Genève (GE)	B.D.E.1	2024-12-24	0.9550923834499937	0.8707946099537439	0.9760322108262778
Genève (GE)	B.D.E.1	2024-12-28	0.9668068755795958	0.9321932529624847	0.9814506816518966
Genève (GE)	B.D.E.1	2024-12-29	0.9678200497853626	0.933300190321497	0.9819205857187358
Genève (GE)	B.D.E.1	2025-01-01	0.9674830950210258	0.9202653086864863	0.9815628374142652
Genève (GE)	B.D.E.1	2025-01-04	0.9660750222066222	0.9277896230554628	0.9813257074624095
Genève (GE)	B.D.E.1	2025-01-09	0.9713083301091429	0.9528900571667155	0.9827290679140263
Genève (GE)	B.D.E.1	2025-01-12	0.9747776378603747	0.962121910042604	0.9846629187861513
Genève (GE)	B.D.E.1	2025-01-16	0.9762341536049588	0.9629926775547233	0.9875177401165176
Genève (GE)	B.D.E.1	2025-01-20	0.980132094866881	0.9699520344992655	0.9886845538676401
Genève (GE)	B.D.E.1	2025-01-21	0.9816262027892557	0.9719101422428007	0.9889223343333627
Genève (GE)	B.D.E.1	2025-01-25	0.985029463362373	0.9755508160659714	0.9900925271254921
Genève (GE)	B.D.E.1	2025-01-29	0.9406184842580454	0.6493975893433497	0.9883115183250092
Genève (GE)	B.D.E.1	2025-02-02	0.38549296131242955	0.008627907945484172	0.970948905257168
Genève (GE)	B.D.E.1	2025-02-04	0.1941360937929354	0.0010564952358315895	0.9085342242723466
Genève (GE)	B.D.E.1	2025-02-10	0.12120804419334519	0.0001738766541569672	0.8498306562602808
Genève (GE)	B.D.E.1	2025-02-11	0.11593946750717742	0.00040585946180366975	0.8382821109902933
Genève (GE)	B.D.E.1	2025-02-12	0.10460910395805978	0.0006240840829225308	0.8006474783653571
Genève (GE)	B.D.E.1	2025-02-18	0.015170670248985078	1.6378189192081537e-11	0.049668878506914795
Genève (GE)	B.D.E.1	2025-02-20	0.013171961951911657	6.781100527003716e-11	0.05121167981674169
Genève (GE)	B.D.E.1	2025-03-03	0.8418893588792916	0.5793160791146797	0.9621556103078996
Genève (GE)	B.D.E.1	2025-03-06	0.8080633190484892	0.40072580286290027	0.9685660498253629
Genève (GE)	B.D.E.1	2025-03-08	0.8222592574079366	0.6315132836989616	0.9703239406953382
Genève (GE)	B.D.E.1	2025-03-16	0.8933395803538111	0.6909972302015094	0.9828507459545281
Genève (GE)	B.D.E.1	2025-03-18	0.8879399351372664	0.6910907362253683	0.9833337755508179
Genève (GE)	B.D.E.1	2025-03-29	0.25506086695689106	1.78360083780109e-08	0.9730098089968449
Genève (GE)	B.D.E.1	2025-04-03	0.6983165781763696	0.0033553044370907715	0.9899468681597181
Genève (GE)	B.D.E.1	2025-04-14	0.9750176965984174	0.85112928566644	0.9955709948916942
Genève (GE)	B.D.E.1	2025-04-16	0.9744007506327296	0.8493748307127063	0.9959402665254491
Genève (GE)	B.D.E.1.1	2024-11-06	0.36008053666660467	0.0061826162985787626	0.982794519125575
Genève (GE)	B.D.E.1.1	2024-11-07	0.30121456017843046	0.004729542507299399	0.664288714096918
Genève (GE)	B.D.E.1.1	2024-11-14	0.01589583023556307	0.0016308323612477882	0.07511991804093639
Genève (GE)	B.D.E.1.1	2024-11-18	0.0027586209970896715	0.0005164617397156189	0.005937549562120448
Genève (GE)	B.D.E.1.1	2024-11-22	0.0012128644432371604	0.00015686551300044612	0.0027530033982588417
Genève (GE)	B.D.E.1.1	2024-11-23	0.0010870565915671838	0.00011983802730281131	0.002414826354389862
Genève (GE)	B.D.E.1.1	2024-11-25	0.0009844765903747879	0.00011534868422488422	0.0021862244344088696
Genève (GE)	B.D.E.1.1	2024-12-04	0.0017445307321597315	0.00074307750994689	0.003271476704516285
Genève (GE)	B.D.E.1.1	2024-12-08	0.0021629830232796133	0.0010505915714324133	0.004056364885670682
Genève (GE)	B.D.E.1.1	2024-12-09	0.0023641628629796317	0.0011881594612118615	0.004418143393686695
Genève (GE)	B.D.E.1.1	2024-12-12	0.0033567744752565	0.0016923567989900938	0.006176555532765429
Genève (GE)	B.D.E.1.1	2024-12-14	0.0046512956454242745	0.00225620015231444	0.00851445477090433
Genève (GE)	B.D.E.1.1	2024-12-16	0.007146958871715156	0.0031996499245393294	0.01378997306791618
Genève (GE)	B.D.E.1.1	2024-12-18	0.011722626333510304	0.004744551802369224	0.023255677469018184
Genève (GE)	B.D.E.1.1	2024-12-19	0.014682732587227102	0.005693591046662509	0.032432348512550724
Genève (GE)	B.D.E.1.1	2024-12-24	0.020789180632243175	0.007055618367615211	0.10333993724990181
Genève (GE)	B.D.E.1.1	2024-12-28	0.008634859873810423	0.00367468086119034	0.017462260868825494
Genève (GE)	B.D.E.1.1	2024-12-29	0.007154914650010446	0.0031802211038779106	0.013885542009138144
Genève (GE)	B.D.E.1.1	2025-01-01	0.005074303554832319	0.0024913789262143325	0.009624422873703164
Genève (GE)	B.D.E.1.1	2025-01-04	0.004198459025502998	0.0021082776246375023	0.007959559152574843
Genève (GE)	B.D.E.1.1	2025-01-09	0.0027876855801685415	0.00128133791878529	0.00527195032379701
Genève (GE)	B.D.E.1.1	2025-01-12	0.0019858859796782515	0.0008508332224352888	0.0036458617016322838
Genève (GE)	B.D.E.1.1	2025-01-16	0.001211746134576158	0.0002622294186422381	0.0023818126310601252
Genève (GE)	B.D.E.1.1	2025-01-20	0.0007098966860896728	2.434889477912744e-06	0.0017361836425208248
Genève (GE)	B.D.E.1.1	2025-01-21	0.0006264780683788885	3.0858709326654274e-08	0.0015111757411003504
Genève (GE)	B.D.E.1.1	2025-01-25	0.0006902124643206419	1.0893787102372501e-08	0.001592331614210641
Genève (GE)	B.D.E.1.1	2025-01-29	0.0012579018844266427	0.00017155013029081578	0.003068831906942907
Genève (GE)	B.D.E.1.1	2025-02-02	0.001971865274546092	0.0003971291751371082	0.005099234401155768
Genève (GE)	B.D.E.1.1	2025-02-04	0.0021128507306619883	0.0005578570714459841	0.005141085296888036
Genève (GE)	B.D.E.1.1	2025-02-10	0.0015458751752772148	0.0003250920369620312	0.003351346540712675
Genève (GE)	B.D.E.1.1	2025-02-11	0.001442577149908479	0.00023502085950725875	0.0030866877085917507
Genève (GE)	B.D.E.1.1	2025-02-12	0.0013414887538407438	7.723145093126822e-05	0.0028562823875512254
Genève (GE)	B.D.E.1.1	2025-02-18	0.0006633245546509256	2.89585983502665e-17	0.002125407256484222
Genève (GE)	B.D.E.1.1	2025-02-20	0.000602030111286258	1.0557675288400187e-25	0.002036037460876948
Genève (GE)	B.D.E.1.1	2025-03-03	0.001059243080803497	9.13106003229655e-20	0.006427769218179528
Genève (GE)	B.D.E.1.1	2025-03-06	0.0007712481225913746	7.244539406367316e-20	0.0038572735520567584
Genève (GE)	B.D.E.1.1	2025-03-08	0.0011896485868772106	5.552203517400727e-12	0.003913955581055683
Genève (GE)	B.D.E.1.1	2025-03-16	0.0030843100860902	0.0010808681267271449	0.006441826065405382
Genève (GE)	B.D.E.1.1	2025-03-18	0.0033448431104748403	0.00111832503819607	0.007381619551961646
Genève (GE)	B.D.E.1.1	2025-03-29	0.0005337008178891822	1.1934978470910341e-08	0.0021395652994323114
Genève (GE)	B.D.E.1.1	2025-04-03	0.0005284300203896383	6.152108444749889e-14	0.0022665807708587664
Genève (GE)	B.D.E.1.1	2025-04-14	0.007321358073629124	0.0003921021430266702	0.07522860594043027
Genève (GE)	B.D.E.1.1	2025-04-16	0.006742429523045411	0.00031731443344670015	0.05304690537727866
Genève (GE)	B.D.E.1.2	2024-11-06	1.7565850934556883e-05	1.8055553924821305e-24	0.00016019638730526
Genève (GE)	B.D.E.1.2	2024-11-07	2.532283629990065e-05	9.18548833196239e-29	0.00031471541017364133
Genève (GE)	B.D.E.1.2	2024-11-14	0.0004667786600949256	2.654674445926408e-23	0.0018693131242419935
Genève (GE)	B.D.E.1.2	2024-11-18	0.0014865335993509443	2.9704332896672166e-19	0.0046495656076554525
Genève (GE)	B.D.E.1.2	2024-11-22	0.008482702497471892	0.0001887841959104566	0.012375052445416259
Genève (GE)	B.D.E.1.2	2024-11-23	0.009557589887545022	0.0004332528506428851	0.02085561972607512
Genève (GE)	B.D.E.1.2	2024-11-25	0.017119653616843544	0.0009790648210093382	0.13650920773096703
Genève (GE)	B.D.E.1.2	2024-12-04	0.0027802499392872255	0.000446644864914603	0.006310923374714357
Genève (GE)	B.D.E.1.2	2024-12-08	0.0017318405916798938	0.00047985940180396555	0.003578223786532559
Genève (GE)	B.D.E.1.2	2024-12-09	0.0016991543777194749	0.0005097042187106515	0.003582425083287663
Genève (GE)	B.D.E.1.2	2024-12-12	0.001839506690241546	0.000629549522814876	0.003617763257861926
Genève (GE)	B.D.E.1.2	2024-12-14	0.002091494421747263	0.0006459902478339585	0.00397817196092485
Genève (GE)	B.D.E.1.2	2024-12-16	0.002445120513158846	0.0007919512237721547	0.004652391822462845
Genève (GE)	B.D.E.1.2	2024-12-18	0.0028287312714783746	0.0008980366479428674	0.005147776412426657
Genève (GE)	B.D.E.1.2	2024-12-19	0.0029906227836595284	0.0009087792009418988	0.005459708871376823
Genève (GE)	B.D.E.1.2	2024-12-24	0.0030365143892218467	0.0010800408999418276	0.005840986091982084
Genève (GE)	B.D.E.1.2	2024-12-28	0.0027304423261925673	0.0011184554479474504	0.005452918082838046
Genève (GE)	B.D.E.1.2	2024-12-29	0.0027266739813344688	0.0011337190044699154	0.005244178682023458
Genève (GE)	B.D.E.1.2	2025-01-01	0.0028754372212686703	0.001174604837074552	0.005550998822747027
Genève (GE)	B.D.E.1.2	2025-01-04	0.003082207639207988	0.0013008590201088524	0.006382250686617613
Genève (GE)	B.D.E.1.2	2025-01-09	0.00317220187429546	0.0010872179330993536	0.006444420056279599
Genève (GE)	B.D.E.1.2	2025-01-12	0.0032222141086306576	0.0008802973262459133	0.007620934174873112
Genève (GE)	B.D.E.1.2	2025-01-16	0.003283052933914752	0.0005160795617772717	0.009129445116423643
Genève (GE)	B.D.E.1.2	2025-01-20	0.0021613713939774445	0.00022814187870773245	0.0065656370866193185
Genève (GE)	B.D.E.1.2	2025-01-21	0.0016984415716801854	0.00011065106080739373	0.005457714327241667
Genève (GE)	B.D.E.1.2	2025-01-25	0.00030309601007938886	9.051970212645478e-20	0.0013066257244622626
Genève (GE)	B.D.E.1.2	2025-01-29	8.776153351857956e-05	2.145845335182301e-21	0.0004760039183527666
Genève (GE)	B.D.E.1.2	2025-02-02	0.00030505076474861146	3.4025214458136863e-13	0.0010713015399137788
Genève (GE)	B.D.E.1.2	2025-02-04	0.0005449493183678919	5.6955517092953316e-11	0.001425368281977366
Genève (GE)	B.D.E.1.2	2025-02-10	0.0007294986201587849	2.241054260202617e-05	0.0016986098533355548
Genève (GE)	B.D.E.1.2	2025-02-11	0.0006904294542840834	1.8715627685695283e-05	0.0015774971779154057
Genève (GE)	B.D.E.1.2	2025-02-12	0.0006365038050863242	2.29652156450749e-07	0.0014583324555548628
Genève (GE)	B.D.E.1.2	2025-02-18	0.00019140706140522508	3.675271112805902e-18	0.0007824356881745267
Genève (GE)	B.D.E.1.2	2025-02-20	0.00015786987973745494	2.6092823586927306e-26	0.0008252856080415204
Genève (GE)	B.D.E.1.2	2025-03-03	0.004466008493601568	0.000180123993603395	0.015047441632615736
Genève (GE)	B.D.E.1.2	2025-03-06	0.003918831174594656	0.0008537539012621777	0.010939304934374755
Genève (GE)	B.D.E.1.2	2025-03-08	0.0036091682173671614	0.001070876469049924	0.008153076950596133
Genève (GE)	B.D.E.1.2	2025-03-16	0.002382214876985431	0.0005033138897072055	0.005076417556627788
Genève (GE)	B.D.E.1.2	2025-03-18	0.002456445658597662	0.0005205002755426307	0.005248460846440899
Genève (GE)	B.D.E.1.2	2025-03-29	0.0008127984115166586	6.790627263280653e-24	0.0059774161639586
Genève (GE)	B.D.E.1.2	2025-04-03	0.0007358782660456219	3.0324480427852476e-36	0.00508603128297783
Genève (GE)	B.D.E.1.2	2025-04-14	0.0006387141939020255	1.8572943181586466e-16	0.0021592935656592205
Genève (GE)	B.D.E.1.2	2025-04-16	0.0007019631583128571	1.7615637845024808e-12	0.00236217296477835
Genève (GE)	B.D.E.1.8	2024-11-06	0.0013439316800373555	3.336169722768719e-27	0.007859912007546457
Genève (GE)	B.D.E.1.8	2024-11-07	0.0013528688834221776	4.1786601022637085e-27	0.006767327882270315
Genève (GE)	B.D.E.1.8	2024-11-14	0.005484464770963675	7.696135611206214e-05	0.014820235700668295
Genève (GE)	B.D.E.1.8	2024-11-18	0.002957692831338946	0.0005538470126374649	0.007569785904207256
Genève (GE)	B.D.E.1.8	2024-11-22	0.0019407680967061874	0.0006110145914776186	0.0041948334713213555
Genève (GE)	B.D.E.1.8	2024-11-23	0.001814794593558445	0.0006086437632625373	0.0038240169194271815
Genève (GE)	B.D.E.1.8	2024-11-25	0.001728413558339152	0.0006229492597995282	0.0036202932235903287
Genève (GE)	B.D.E.1.8	2024-12-04	0.002685033155886026	0.000967763758291131	0.0049398790916608095
Genève (GE)	B.D.E.1.8	2024-12-08	0.0024483259220956385	0.000985594291438538	0.004327739916732615
Genève (GE)	B.D.E.1.8	2024-12-09	0.0024250675684429745	0.0010471792000917887	0.004311535717598289
Genève (GE)	B.D.E.1.8	2024-12-12	0.002509676058862182	0.0012730852244071079	0.004449735569609168
Genève (GE)	B.D.E.1.8	2024-12-14	0.00277125348040481	0.001415215189970334	0.005072439556756728
Genève (GE)	B.D.E.1.8	2024-12-16	0.0032827304520007283	0.0014870920710613523	0.006534899960548941
Genève (GE)	B.D.E.1.8	2024-12-18	0.004087035730573766	0.0017868178134044762	0.008764043058932525
Genève (GE)	B.D.E.1.8	2024-12-19	0.0045847466452878845	0.0020655683307404474	0.010196729654357042
Genève (GE)	B.D.E.1.8	2024-12-24	0.007124849103924818	0.0028501997781062867	0.019060346655733505
Genève (GE)	B.D.E.1.8	2024-12-28	0.008935713119651773	0.0030003928690187794	0.029921768737038314
Genève (GE)	B.D.E.1.8	2024-12-29	0.009541729084509733	0.0031778243331650226	0.03566656158292698
Genève (GE)	B.D.E.1.8	2025-01-01	0.011875516673242405	0.0036097842742372956	0.04834301666763702
Genève (GE)	B.D.E.1.8	2025-01-04	0.013904232527517506	0.004236792357712721	0.05146091257975716
Genève (GE)	B.D.E.1.8	2025-01-09	0.009965154909551365	0.003814853269296924	0.024739131390576957
Genève (GE)	B.D.E.1.8	2025-01-12	0.006698437290945976	0.003066838732877721	0.01522203423893639
Genève (GE)	B.D.E.1.8	2025-01-16	0.004806623165493246	0.0021484238276438536	0.009891914217089378
Genève (GE)	B.D.E.1.8	2025-01-20	0.004910478418419808	0.0021392042315811653	0.010446424773859118
Genève (GE)	B.D.E.1.8	2025-01-21	0.005190853819639662	0.0023870079591040575	0.010075669172224492
Genève (GE)	B.D.E.1.8	2025-01-25	0.0069182289569715135	0.0037041529779570166	0.012815684695496906
Genève (GE)	B.D.E.1.8	2025-01-29	0.05207750371072516	0.005240607093512093	0.339102838695137
Genève (GE)	B.D.E.1.8	2025-02-02	0.6058266947038502	0.01968776486373071	0.982036305354278
Genève (GE)	B.D.E.1.8	2025-02-04	0.7965045332295952	0.08334435325301316	0.989668667233448
Genève (GE)	B.D.E.1.8	2025-02-10	0.8698689341757978	0.142973365132556	0.9901579168218909
Genève (GE)	B.D.E.1.8	2025-02-11	0.8753508779056987	0.15481659368681996	0.990077751039524
Genève (GE)	B.D.E.1.8	2025-02-12	0.8869311967421599	0.19278219246901288	0.9900294373615878
Genève (GE)	B.D.E.1.8	2025-02-18	0.9785957104643345	0.9456186016878259	0.9932222535950739
Genève (GE)	B.D.E.1.8	2025-02-20	0.9809550440879035	0.9435356085673966	0.994288666366063
Genève (GE)	B.D.E.1.8	2025-03-03	0.040131946636384475	0.0066228304649129975	0.0872141600557786
Genève (GE)	B.D.E.1.8	2025-03-06	0.013502264649692208	0.003510853128822734	0.041172289379481856
Genève (GE)	B.D.E.1.8	2025-03-08	0.007024682986983693	0.0029316091308595887	0.01554264086749086
Genève (GE)	B.D.E.1.8	2025-03-16	0.003247494091961376	0.0011550255023781483	0.007441616845153354
Genève (GE)	B.D.E.1.8	2025-03-18	0.0033646979067167406	0.0011248601534564221	0.008667523626346523
Genève (GE)	B.D.E.1.8	2025-03-29	0.0012755231608965534	0.00013558162071142986	0.003938172174730106
Genève (GE)	B.D.E.1.8	2025-04-03	0.0011408680833466772	2.1152949539226072e-08	0.00533993046983487
Genève (GE)	B.D.E.1.8	2025-04-14	0.011444751367647594	0.00021946624207220308	0.13679005826254456
Genève (GE)	B.D.E.1.8	2025-04-16	0.013263140839705834	0.00022055374320431107	0.13942551148122126
Genève (GE)	B.D.E.7	2024-11-06	4.2062708846872866e-05	1.811480058908718e-30	0.0002812412816482466
Genève (GE)	B.D.E.7	2024-11-07	4.502410664605471e-05	1.2373171910142659e-34	0.000350958514587858
Genève (GE)	B.D.E.7	2024-11-14	0.00022350351283547063	5.7255976267938756e-21	0.0009586303444300289
Genève (GE)	B.D.E.7	2024-11-18	0.0003122459952447249	9.595634440085943e-21	0.0011412414376955294
Genève (GE)	B.D.E.7	2024-11-22	0.00034910479504748313	3.7752067097490085e-22	0.0012790791554423658
Genève (GE)	B.D.E.7	2024-11-23	0.00037639999771283544	2.6729513967082684e-20	0.0013858569197759858
Genève (GE)	B.D.E.7	2024-11-25	0.0004903811067221622	4.78451326353104e-20	0.001699738802515869
Genève (GE)	B.D.E.7	2024-12-04	0.002322943979598186	0.0009829799239610792	0.004856128575448908
Genève (GE)	B.D.E.7	2024-12-08	0.002215834031820297	0.001101569571764069	0.004384110088322271
Genève (GE)	B.D.E.7	2024-12-09	0.002252476597282864	0.0011546163063812808	0.004423790029758184
Genève (GE)	B.D.E.7	2024-12-12	0.002509936040147266	0.0013575232888548287	0.004785242863540405
Genève (GE)	B.D.E.7	2024-12-14	0.0027909154561079536	0.0015413110340597054	0.005078033527920076
Genève (GE)	B.D.E.7	2024-12-16	0.0031497276711147187	0.0017029573187653025	0.005571091344112419
Genève (GE)	B.D.E.7	2024-12-18	0.0035525290690748535	0.0018722983096399115	0.006273219380285502
Genève (GE)	B.D.E.7	2024-12-19	0.003748423232687746	0.0019425953269600837	0.006759429145666336
Genève (GE)	B.D.E.7	2024-12-24	0.004108173060475406	0.0021945280315439296	0.007694769419649828
Genève (GE)	B.D.E.7	2024-12-28	0.003723633907992867	0.001924936930433792	0.0070829614836182475
Genève (GE)	B.D.E.7	2024-12-29	0.003660405110490594	0.0018991649211787993	0.006863696035941297
Genève (GE)	B.D.E.7	2025-01-01	0.003576561808658045	0.001912945114991525	0.006392673129864743
Genève (GE)	B.D.E.7	2025-01-04	0.003508680733985486	0.0019136893173833244	0.005650296411433733
Genève (GE)	B.D.E.7	2025-01-09	0.0032250842873339765	0.0018089686007301934	0.00499003703811394
Genève (GE)	B.D.E.7	2025-01-12	0.0030378146105857163	0.0015123854690878076	0.004902746740357742
Genève (GE)	B.D.E.7	2025-01-16	0.002597304144863977	0.0008185695991643821	0.004361674756310505
Genève (GE)	B.D.E.7	2025-01-20	0.0014755537038485293	0.0002683436968595912	0.0027415468506253792
Genève (GE)	B.D.E.7	2025-01-21	0.0011624963051179564	0.00011137009428186491	0.0022593163080042856
Genève (GE)	B.D.E.7	2025-01-25	0.00030656639904116565	8.323801275996872e-21	0.0012015087292256079
Genève (GE)	B.D.E.7	2025-01-29	0.00016646048293238132	1.5002483606432235e-20	0.0008803435431059282
Genève (GE)	B.D.E.7	2025-02-02	0.0003140977562491933	2.8480953944760637e-18	0.0010779927309211776
Genève (GE)	B.D.E.7	2025-02-04	0.0004889976040073261	9.507136483118124e-16	0.00133677301305172
Genève (GE)	B.D.E.7	2025-02-10	0.00087145339296326	0.00010982356721810949	0.0020886734909379982
Genève (GE)	B.D.E.7	2025-02-11	0.0008769661456548844	0.00012237452343256754	0.0020926477621162455
Genève (GE)	B.D.E.7	2025-02-12	0.000867502580043911	0.00016896198968887612	0.00205636009296506
Genève (GE)	B.D.E.7	2025-02-18	0.0004744704465898827	1.7709589729157854e-19	0.0012488322674210287
Genève (GE)	B.D.E.7	2025-02-20	0.00036074284618427667	2.7675831989328113e-25	0.001112174730691707
Genève (GE)	B.D.E.7	2025-03-03	0.008245603819090324	0.0014960091664123752	0.026777784319124403
Genève (GE)	B.D.E.7	2025-03-06	0.010135160892943317	0.0020025935368177686	0.04549773013831224
Genève (GE)	B.D.E.7	2025-03-08	0.013386456689655218	0.002568199576042294	0.046100639079594295
Genève (GE)	B.D.E.7	2025-03-16	0.014005626229872628	0.0025821716425208333	0.1344741875940712
Genève (GE)	B.D.E.7	2025-03-18	0.010811644229765629	0.002508475784865936	0.044079893183685256
Genève (GE)	B.D.E.7	2025-03-29	0.0022529387642547553	8.068448283377017e-17	0.008157903392619043
Genève (GE)	B.D.E.7	2025-04-03	0.008081522041086036	7.926116854322805e-25	0.01196122517600879
Genève (GE)	B.D.E.7	2025-04-14	0.0013215948983626542	1.6251379074478518e-13	0.0037664264170217117
Genève (GE)	B.D.E.7	2025-04-16	0.0010835770861726505	1.7463734446036496e-15	0.003036032560540357
Genève (GE)	undetermined	2024-11-06	0.001718547862815211	3.8841952272352717e-31	0.008006340636849697
Genève (GE)	undetermined	2024-11-07	0.0017295744974569472	5.843040105975653e-35	0.008462817482106427
Genève (GE)	undetermined	2024-11-14	0.0017434009131720373	2.3822524844264252e-30	0.008465709497870143
Genève (GE)	undetermined	2024-11-18	0.001571961419379719	1.134872719783957e-24	0.006300052581996141
Genève (GE)	undetermined	2024-11-22	0.0009011160305303174	2.327198760854661e-24	0.005249301648135919
Genève (GE)	undetermined	2024-11-23	0.0008561124399399298	2.328490384037738e-21	0.005117245038969965
Genève (GE)	undetermined	2024-11-25	0.0009671207120068612	3.7341171156467595e-21	0.006704817015212059
Genève (GE)	undetermined	2024-12-04	0.005478456223117315	2.1338875842373603e-12	0.01244341017481004
Genève (GE)	undetermined	2024-12-08	0.00532902308213934	4.7403113592547116e-12	0.012356600030354643
Genève (GE)	undetermined	2024-12-09	0.005344724997135963	2.0624151758813137e-12	0.012366199249771745
Genève (GE)	undetermined	2024-12-12	0.0057484655247799525	4.861199082757735e-12	0.013081252807989475
Genève (GE)	undetermined	2024-12-14	0.006091803398340461	2.4828929254659114e-13	0.013855828251329453
Genève (GE)	undetermined	2024-12-16	0.006313605144886124	2.413407684654784e-13	0.014215687486684373
Genève (GE)	undetermined	2024-12-18	0.006317005878452058	5.825829862630048e-14	0.014056623266052245
Genève (GE)	undetermined	2024-12-19	0.006159515545563389	7.729348824657736e-15	0.013777758338813414
Genève (GE)	undetermined	2024-12-24	0.004002901946319823	2.6191319919439808e-17	0.012726791866368289
Genève (GE)	undetermined	2024-12-28	0.002352719855785988	2.308534320210199e-22	0.010278262902055564
Genève (GE)	undetermined	2024-12-29	0.00215785135864797	1.8256756592047856e-19	0.009865777737874537
Genève (GE)	undetermined	2025-01-01	0.0014724187603454373	1.402380319775408e-20	0.008012606967636669
Genève (GE)	undetermined	2025-01-04	0.0009852297626349199	4.315481115427076e-19	0.0064207924288661195
Genève (GE)	undetermined	2025-01-09	0.0005859771058893192	1.800006127513776e-18	0.005121256106320947
Genève (GE)	undetermined	2025-01-12	0.0006165425237129524	3.67540766743901e-18	0.0052939823289521876
Genève (GE)	undetermined	2025-01-16	0.0008076715760953959	3.619829254460268e-21	0.006245939419134737
Genève (GE)	undetermined	2025-01-20	0.0023077516735561772	1.3612327039531126e-20	0.011138767131317293
Genève (GE)	undetermined	2025-01-21	0.0022919818842084367	1.1344095771493735e-18	0.011017305050984371
Genève (GE)	undetermined	2025-01-25	0.0019936255488991954	1.8871148572230756e-21	0.008544761765441937
Genève (GE)	undetermined	2025-01-29	0.0018623863883600639	2.318276058937141e-24	0.006611054940671869
Genève (GE)	undetermined	2025-02-02	0.002004908550517	1.0254147895672553e-18	0.006797719285136019
Genève (GE)	undetermined	2025-02-04	0.0016371413864143037	5.90693925763542e-15	0.0061504262443574514
Genève (GE)	undetermined	2025-02-10	0.0005972853792539683	1.853320046145844e-22	0.003638829559771763
Genève (GE)	undetermined	2025-02-11	0.0006466916415213078	6.438340040226705e-23	0.003620448651076572
Genève (GE)	undetermined	2025-02-12	0.0006943478048092866	1.5008460504776326e-26	0.0037179876249944957
Genève (GE)	undetermined	2025-02-18	0.0014514049049827802	4.513563622877529e-26	0.005323420093224494
Genève (GE)	undetermined	2025-02-20	0.001653762547539119	5.344216349915426e-25	0.006055724919146916
Genève (GE)	undetermined	2025-03-03	0.026323224739531744	1.1861417685480572e-27	0.27497143244555855
Genève (GE)	undetermined	2025-03-06	0.043284885986191804	9.383081202365638e-29	0.3254638311789132
Genève (GE)	undetermined	2025-03-08	0.041454309418938046	1.7138267963242544e-23	0.30753262957989586
Genève (GE)	undetermined	2025-03-16	0.057706148896198683	7.269867246935952e-19	0.2908305672772595
Genève (GE)	undetermined	2025-03-18	0.06419185658291719	8.745722295764964e-18	0.29064640260608
Genève (GE)	undetermined	2025-03-29	0.6025404251604621	0.015651124032957132	0.9967630754496232
Genève (GE)	undetermined	2025-04-03	0.2457466549260888	0.004595061904206876	0.9824132339111898
Genève (GE)	undetermined	2025-04-14	0.002244414324629537	3.0432052600999947e-10	0.006051838188498987
Genève (GE)	undetermined	2025-04-16	0.0019870986184395392	0.00039851015005576624	0.004726592038530023
Laupen (BE)	B.D.4.1.1	2024-12-28	0.014055561725121665	9.885797155330313e-17	0.10212248772010449
Laupen (BE)	B.D.4.1.1	2025-01-09	0.0011204867510027547	2.7134736038220635e-15	0.005468300147173161
Laupen (BE)	B.D.4.1.1	2025-01-11	0.0008991621321648242	1.5444078400824432e-14	0.003685485688263952
Laupen (BE)	B.D.4.1.1	2025-01-13	0.0009052442954228163	1.0114600042858566e-14	0.0040239765840175985
Laupen (BE)	B.D.4.1.1	2025-02-09	0.00042192462310655746	5.674544642564328e-14	0.003036292571836592
Laupen (BE)	B.D.4.1.1	2025-02-10	0.0004651650622482391	1.5306793173381603e-13	0.003155622209453796
Laupen (BE)	B.D.4.1.1	2025-02-14	0.000885026160003137	2.3734611505033813e-14	0.003130901806925557
Laupen (BE)	B.D.4.1.1	2025-02-22	0.004080347512661587	6.427734000163867e-12	0.012986605335408758
Laupen (BE)	B.D.4.1.1	2025-03-02	0.002981094072780472	3.007620867481224e-12	0.009833458002418364
Laupen (BE)	B.D.4.1.1	2025-03-07	0.007538962764177343	0.0009122334152667584	0.01832248672878578
Laupen (BE)	B.D.4.1.1	2025-03-15	0.0011848546712984595	1.6444272360369805e-10	0.0034604398420517157
Laupen (BE)	B.D.4.1.1	2025-03-26	0.0008691449976089437	1.3859263590115797e-18	0.006672188671264842
Laupen (BE)	B.D.E.1	2024-12-28	0.6266756499832875	1.7622728676087776e-14	0.9551362816130183
Laupen (BE)	B.D.E.1	2025-01-09	0.7911512881537807	0.027373467982126656	0.9890434530534017
Laupen (BE)	B.D.E.1	2025-01-11	0.8789478028584152	0.03553046611059734	0.9904265922097675
Laupen (BE)	B.D.E.1	2025-01-13	0.9268892920596447	0.48478283472106276	0.9902128114896507
Laupen (BE)	B.D.E.1	2025-02-09	0.9350516319836123	0.5751888387211735	0.9927516690850049
Laupen (BE)	B.D.E.1	2025-02-10	0.9400846830528837	0.629603298152052	0.9929631186993222
Laupen (BE)	B.D.E.1	2025-02-14	0.9423141687340002	0.6308853126813883	0.9926083209277542
Laupen (BE)	B.D.E.1	2025-02-22	0.7887175318990484	0.47154368168606736	0.9905336903315733
Laupen (BE)	B.D.E.1	2025-03-02	0.9541872997281312	0.809967204090474	0.983641695916508
Laupen (BE)	B.D.E.1	2025-03-07	0.9637029983341732	0.8509359246894069	0.9849647219664002
Laupen (BE)	B.D.E.1	2025-03-15	0.9900752113986947	0.9806340713647386	0.9943466983124293
Laupen (BE)	B.D.E.1	2025-03-26	0.9878992219456377	0.9650761598275381	0.9949562235228359
Laupen (BE)	B.D.E.1.1	2024-12-28	0.22035670308944932	0.002009675623747449	0.9232363707179461
Laupen (BE)	B.D.E.1.1	2025-01-09	0.18898620032010474	0.0035191103783103928	0.962345997108942
Laupen (BE)	B.D.E.1.1	2025-01-11	0.10962359909963709	0.00295552144824334	0.9543907958441837
Laupen (BE)	B.D.E.1.1	2025-01-13	0.061752224228121363	0.0026456390610679614	0.5050285826307426
Laupen (BE)	B.D.E.1.1	2025-02-09	0.0010057516923445632	1.7514644472442293e-05	0.0025243833631377714
Laupen (BE)	B.D.E.1.1	2025-02-10	0.0008910629998607342	7.785058686465777e-09	0.0022525531770932767
Laupen (BE)	B.D.E.1.1	2025-02-14	0.0006372635870462008	5.948073466070529e-17	0.0017149009146581787
Laupen (BE)	B.D.E.1.1	2025-02-22	0.0009457618450458571	4.830598067950283e-16	0.0022074376161613446
Laupen (BE)	B.D.E.1.1	2025-03-02	0.006045231741716368	0.001658105513816821	0.015359826452029487
Laupen (BE)	B.D.E.1.1	2025-03-07	0.005451122215043961	0.0016963565015947575	0.015250104366958239
Laupen (BE)	B.D.E.1.1	2025-03-15	0.0021539052378195325	0.0007370233268198907	0.0050115123540076835
Laupen (BE)	B.D.E.1.1	2025-03-26	0.001206401474023395	0.00027306730561855915	0.0035792329079767605
Laupen (BE)	B.D.E.1.2	2024-12-28	0.0450097784942081	0.00039788479812668853	0.7691303704829934
Laupen (BE)	B.D.E.1.2	2025-01-09	0.0012584837727472717	9.93598726253973e-10	0.0036509323169482
Laupen (BE)	B.D.E.1.2	2025-01-11	0.0011700461755055269	2.5286435272838423e-09	0.003251568970645446
Laupen (BE)	B.D.E.1.2	2025-01-13	0.0012167274878023115	5.427436242361754e-08	0.003269934102032396
Laupen (BE)	B.D.E.1.2	2025-02-09	0.0006552767174267636	1.1456826000137847e-08	0.0013969688168794067
Laupen (BE)	B.D.E.1.2	2025-02-10	0.0006155426385064272	1.489288304395233e-08	0.0013073105067673114
Laupen (BE)	B.D.E.1.2	2025-02-14	0.0005359902040652845	1.0533586823550213e-07	0.0012717411953272293
Laupen (BE)	B.D.E.1.2	2025-02-22	0.00018299657055441474	3.278623927175505e-19	0.0009898468833472757
Laupen (BE)	B.D.E.1.2	2025-03-02	0.0035955402028232447	3.81179314540272e-10	0.009771379899160246
Laupen (BE)	B.D.E.1.2	2025-03-07	0.007476591231909416	0.0003729631959686752	0.01388199998639301
Laupen (BE)	B.D.E.1.2	2025-03-15	0.000900428792698544	1.0743786332851333e-15	0.00350069003647398
Laupen (BE)	B.D.E.1.2	2025-03-26	0.00023279312515417334	5.1603132940666415e-27	0.0016064630881539466
Laupen (BE)	B.D.E.1.8	2024-12-28	0.01859973907621347	0.0008159821632158543	0.12983874780579385
Laupen (BE)	B.D.E.1.8	2025-01-09	0.012619881577265589	0.0009845657175085538	0.014825591126271534
Laupen (BE)	B.D.E.1.8	2025-01-11	0.004513429298242683	0.0010484745451946002	0.013577031994795433
Laupen (BE)	B.D.E.1.8	2025-01-13	0.004303548028829474	0.001117960399633421	0.014633389045582278
Laupen (BE)	B.D.E.1.8	2025-02-09	0.05878129153998381	0.0029433497760559825	0.4171906457863883
Laupen (BE)	B.D.E.1.8	2025-02-10	0.05398402493977354	0.002814129178355539	0.36292515043352336
Laupen (BE)	B.D.E.1.8	2025-02-14	0.05187111861367732	0.0027888033610910415	0.3617105389423543
Laupen (BE)	B.D.E.1.8	2025-02-22	0.20241321068060017	0.0035497703749362173	0.5190054726906292
Laupen (BE)	B.D.E.1.8	2025-03-02	0.012050905028479133	0.0016219120313097706	0.11752350615027798
Laupen (BE)	B.D.E.1.8	2025-03-07	0.005265748161700044	0.0013070339523383401	0.013691536609190855
Laupen (BE)	B.D.E.1.8	2025-03-15	0.0018275531204978556	0.000463634415519491	0.00489447760367719
Laupen (BE)	B.D.E.1.8	2025-03-26	0.0010589701820446678	1.3053149109084637e-15	0.005086938249005184
Laupen (BE)	B.D.E.7	2024-12-28	0.011405622716695653	8.162204857408004e-15	0.05454859171319046
Laupen (BE)	B.D.E.7	2025-01-09	0.0005328625292870844	8.150133668587753e-15	0.0018140144582216783
Laupen (BE)	B.D.E.7	2025-01-11	0.0005060057485918104	3.995062442987339e-14	0.0016196760809538877
Laupen (BE)	B.D.E.7	2025-01-13	0.0005389765889242213	3.4193000244611813e-14	0.0016037743343087218
Laupen (BE)	B.D.E.7	2025-02-09	0.00021281983627983916	2.4662527086843832e-15	0.0007130636637871441
Laupen (BE)	B.D.E.7	2025-02-10	0.00021505707357074894	1.2598074873675578e-16	0.000675360785296275
Laupen (BE)	B.D.E.7	2025-02-14	0.0002988760789009006	1.0061797869237416e-15	0.0007648469654449086
Laupen (BE)	B.D.E.7	2025-02-22	0.0008841565929362974	4.256092498511636e-15	0.002074649927973288
Laupen (BE)	B.D.E.7	2025-03-02	0.0027287429607794757	0.0007513236365033388	0.0065287691775775284
Laupen (BE)	B.D.E.7	2025-03-07	0.0028995817262791584	0.0010457099348498405	0.006331179191442716
Laupen (BE)	B.D.E.7	2025-03-15	0.0005948578944661817	3.081291817107185e-11	0.0014192543895405454
Laupen (BE)	B.D.E.7	2025-03-26	0.0014224354358850309	2.6537325273748315e-05	0.0035053206531981893
Laupen (BE)	undetermined	2024-12-28	0.06389694491502433	0.0057535957866530945	0.19359053672095936
Laupen (BE)	undetermined	2025-01-09	0.004330796895811927	2.0188246108146273e-10	0.007726255700861178
Laupen (BE)	undetermined	2025-01-11	0.004339954687442891	0.001470509483634705	0.007639545180212491
Laupen (BE)	undetermined	2025-01-13	0.004393987311255106	0.0018356679885311658	0.007532337289780723
Laupen (BE)	undetermined	2025-02-09	0.0038713036072461284	0.0020352450565986383	0.006037124045782181
Laupen (BE)	undetermined	2025-02-10	0.003744464233156559	0.0013311611072952397	0.0059215827072358175
Laupen (BE)	undetermined	2025-02-14	0.003457556622306911	0.000650621420606165	0.005851508444343542
Laupen (BE)	undetermined	2025-02-22	0.0027759948991533624	7.911493888553313e-26	0.009418564918182987
Laupen (BE)	undetermined	2025-03-02	0.018411186265290008	0.0031747140842608647	0.08284186323133154
Laupen (BE)	undetermined	2025-03-07	0.007664995566716851	3.878424957057219e-16	0.024180259191921516
Laupen (BE)	undetermined	2025-03-15	0.003263188884524753	1.9820762942324339e-07	0.007280961715413317
Laupen (BE)	undetermined	2025-03-26	0.007311032839646126	0.0020201283366889262	0.02787569753821008
Lugano (TI)	B.D.4.1.1	2024-12-03	0.000645136163026069	8.543487892466145e-16	0.004775490182926163
Lugano (TI)	B.D.4.1.1	2024-12-07	0.00036232306782918883	8.964381988819989e-15	0.0028949429384145034
Lugano (TI)	B.D.4.1.1	2024-12-08	0.0003430708886792616	1.774261570136636e-13	0.003022496259447835
Lugano (TI)	B.D.4.1.1	2024-12-11	0.0004955181737616365	4.08873994396377e-14	0.005018676538749471
Lugano (TI)	B.D.4.1.1	2024-12-13	0.000404487152884886	2.4302352932016187e-12	0.003190084521173394
Lugano (TI)	B.D.4.1.1	2024-12-15	0.0004292373532175295	1.553994627847174e-13	0.004017332498623245
Lugano (TI)	B.D.4.1.1	2024-12-19	0.000499308289003277	1.3838371720602375e-14	0.004246332200755365
Lugano (TI)	B.D.4.1.1	2024-12-20	0.0005343036601533816	2.805281028381435e-15	0.00473410177446801
Lugano (TI)	B.D.4.1.1	2024-12-28	0.0061873208641802895	6.028932524693361e-12	0.0291973989384496
Lugano (TI)	B.D.4.1.1	2024-12-29	0.00848071568607633	4.724140170181034e-10	0.03677027962479397
Lugano (TI)	B.D.4.1.1	2025-01-09	0.004816983876946977	1.7537596462240388e-13	0.01507467326598163
Lugano (TI)	B.D.4.1.1	2025-01-11	0.0038640490415434137	6.658819077375456e-13	0.011331146469465495
Lugano (TI)	B.D.4.1.1	2025-01-13	0.0032878814477089405	2.1936610145443914e-14	0.009835399818583952
Lugano (TI)	B.D.4.1.1	2025-01-19	0.0017134184649594505	8.566934117792675e-14	0.006385992409305912
Lugano (TI)	B.D.4.1.1	2025-01-24	0.001445546499408112	8.072607073209291e-15	0.005155796209528639
Lugano (TI)	B.D.4.1.1	2025-02-01	0.0035304320264842796	1.9234862870899583e-16	0.011907848797422946
Lugano (TI)	B.D.4.1.1	2025-02-06	0.006738026577939822	0.002398691621243959	0.011447396654909918
Lugano (TI)	B.D.4.1.1	2025-02-09	0.0060243688315085074	0.0023222639478315877	0.009647308523228173
Lugano (TI)	B.D.4.1.1	2025-02-10	0.005866100181346962	0.0023200445511654946	0.00941153952705968
Lugano (TI)	B.D.4.1.1	2025-02-14	0.006097796278613371	0.0026162753945430826	0.009910178931381125
Lugano (TI)	B.D.4.1.1	2025-02-18	0.00739609690770576	0.002919995526940657	0.01174643764644145
Lugano (TI)	B.D.4.1.1	2025-02-22	0.007845630497255323	0.002804929803910066	0.012034536123869493
Lugano (TI)	B.D.4.1.1	2025-02-26	0.006951682405106041	0.0022549940584320597	0.01080145185054562
Lugano (TI)	B.D.4.1.1	2025-03-02	0.006242577562215162	0.0022872006001683942	0.010158854579557935
Lugano (TI)	B.D.4.1.1	2025-03-06	0.004555336369676144	0.0009034531160891294	0.010675992859659908
Lugano (TI)	B.D.4.1.1	2025-03-07	0.004374071023082316	0.0006895415394221932	0.010909942725715322
Lugano (TI)	B.D.4.1.1	2025-03-15	0.006325201823481142	0.0004087893566960437	0.015736263182238665
Lugano (TI)	B.D.4.1.1	2025-03-23	0.00505268494906012	0.0004250349508148937	0.011846075583997652
Lugano (TI)	B.D.4.1.1	2025-03-26	0.00530312556871906	0.0006232757224970577	0.012292996824432849
Lugano (TI)	B.D.4.1.1	2025-03-28	0.005950749957290723	0.0015815336473364817	0.013292088509737317
Lugano (TI)	B.D.4.1.1	2025-04-03	0.010572064190548305	0.0027050317106166208	0.03463884262331525
Lugano (TI)	B.D.4.1.1	2025-04-07	0.04775477652491942	0.003459581206225205	0.5443954610055336
Lugano (TI)	B.D.4.1.1	2025-04-15	0.1852186867939013	2.121915578847983e-21	0.5039061884896896
Lugano (TI)	B.D.4.1.1	2025-04-18	0.19497928232968376	1.4694081711555787e-21	0.49982240229714975
Lugano (TI)	B.D.E.1	2024-12-03	0.9820669524127775	0.9589703910085311	0.9952761626621536
Lugano (TI)	B.D.E.1	2024-12-07	0.9895913739565985	0.9813785432046228	0.9949578454279331
Lugano (TI)	B.D.E.1	2024-12-08	0.9903047242965296	0.9833614131119017	0.9949188918004279
Lugano (TI)	B.D.E.1	2024-12-11	0.9914622936312908	0.9856202622513178	0.9952322439986061
Lugano (TI)	B.D.E.1	2024-12-13	0.991689312865649	0.9860872576890074	0.9952364348045412
Lugano (TI)	B.D.E.1	2024-12-15	0.9915398815108931	0.9859699476066072	0.995072882625033
Lugano (TI)	B.D.E.1	2024-12-19	0.9896871715330349	0.9827416629823317	0.9941878217099743
Lugano (TI)	B.D.E.1	2024-12-20	0.9887553645568508	0.9806132462478959	0.993717803923724
Lugano (TI)	B.D.E.1	2024-12-28	0.946873952391353	0.6632471555758204	0.9933607430870394
Lugano (TI)	B.D.E.1	2024-12-29	0.9381297055381485	0.528600132783311	0.9929071722974814
Lugano (TI)	B.D.E.1	2025-01-09	0.39488355351471993	0.0019684327880356046	0.9780617555584687
Lugano (TI)	B.D.E.1	2025-01-11	0.3768392170067716	0.001864098930828283	0.9785872200264658
Lugano (TI)	B.D.E.1	2025-01-13	0.41150989961736756	0.0026980756961742253	0.9788020440726639
Lugano (TI)	B.D.E.1	2025-01-19	0.7613310122690297	0.0064812653914311956	0.9865724862490637
Lugano (TI)	B.D.E.1	2025-01-24	0.8806240361447836	0.3463113504499259	0.9880616710767673
Lugano (TI)	B.D.E.1	2025-02-01	0.9701455274075762	0.9291917163098531	0.9879014361497939
Lugano (TI)	B.D.E.1	2025-02-06	0.9841434693942643	0.976674473186487	0.9910081416921441
Lugano (TI)	B.D.E.1	2025-02-09	0.9867996082406097	0.9807725267026514	0.9919579544912537
Lugano (TI)	B.D.E.1	2025-02-10	0.98724769720335	0.9814614723770877	0.9919777165726732
Lugano (TI)	B.D.E.1	2025-02-14	0.98680939100295	0.9811917548611019	0.9914692862057154
Lugano (TI)	B.D.E.1	2025-02-18	0.9830744753904991	0.9767240277219418	0.9885228332616092
Lugano (TI)	B.D.E.1	2025-02-22	0.9762439532216212	0.9649362221303411	0.9842155430374211
Lugano (TI)	B.D.E.1	2025-02-26	0.9124098598358205	0.6035428636596051	0.9808130557874934
Lugano (TI)	B.D.E.1	2025-03-02	0.7655880090689018	0.48317727603875116	0.9807013271019346
Lugano (TI)	B.D.E.1	2025-03-06	0.7881394997795141	0.47054008708726913	0.982769634630671
Lugano (TI)	B.D.E.1	2025-03-07	0.8166610234650916	0.4645431693763034	0.9835737329810867
Lugano (TI)	B.D.E.1	2025-03-15	0.8669790053982871	0.09409711426627318	0.9806356826430729
Lugano (TI)	B.D.E.1	2025-03-23	0.9665184799179413	0.7861459176244471	0.9901243143655335
Lugano (TI)	B.D.E.1	2025-03-26	0.9796175540817067	0.9593981218185698	0.9905702490072578
Lugano (TI)	B.D.E.1	2025-03-28	0.981072219859482	0.9688614275483003	0.9896302705589083
Lugano (TI)	B.D.E.1	2025-04-03	0.9745313950061673	0.9465839512535654	0.9877355828947497
Lugano (TI)	B.D.E.1	2025-04-07	0.9214543120013685	0.41355869509188176	0.9849287550433182
Lugano (TI)	B.D.E.1	2025-04-15	0.04764537260199958	1.3486329645566744e-15	0.8389202268892783
Lugano (TI)	B.D.E.1	2025-04-18	0.0029067424767174	1.0618664456206121e-13	0.013555955876302036
Lugano (TI)	B.D.E.1.1	2024-12-03	0.0018402817913386247	0.0004194449741305808	0.007166469049270206
Lugano (TI)	B.D.E.1.1	2024-12-07	0.0014634644885308781	0.0004707813103348655	0.004797820945403032
Lugano (TI)	B.D.E.1.1	2024-12-08	0.0014123822895902383	0.0004801806488339141	0.004052276128455946
Lugano (TI)	B.D.E.1.1	2024-12-11	0.0012907175326505838	0.00042826126656480944	0.002878023310548609
Lugano (TI)	B.D.E.1.1	2024-12-13	0.0012553449035233822	0.00040079608577620073	0.0025823072187314547
Lugano (TI)	B.D.E.1.1	2024-12-15	0.00128964706925286	0.00042736722461124	0.0025274536726164316
Lugano (TI)	B.D.E.1.1	2024-12-19	0.001657714581063201	0.0005335416227541558	0.0035484162598749245
Lugano (TI)	B.D.E.1.1	2024-12-20	0.0017953832871892492	0.0005533212479618289	0.0039354935873994485
Lugano (TI)	B.D.E.1.1	2024-12-28	0.0012023357343929043	5.530806727344048e-09	0.00372414344914156
Lugano (TI)	B.D.E.1.1	2024-12-29	0.0012670279321764927	2.1764622632377985e-11	0.003890373492380896
Lugano (TI)	B.D.E.1.1	2025-01-09	0.0018901414578164156	9.790897619772907e-05	0.00494706553305452
Lugano (TI)	B.D.E.1.1	2025-01-11	0.002253640522659422	0.0003738296958442819	0.005958575916334357
Lugano (TI)	B.D.E.1.1	2025-01-13	0.0033766098292171446	0.0007601883810486391	0.009404975324195439
Lugano (TI)	B.D.E.1.1	2025-01-19	0.08206268476000708	0.0017174271576832453	0.8446925485211065
Lugano (TI)	B.D.E.1.1	2025-01-24	0.04689963553716835	0.0014946233178610045	0.6355524072406193
Lugano (TI)	B.D.E.1.1	2025-02-01	0.0018960861983767837	0.00037173948227482343	0.005632671899713769
Lugano (TI)	B.D.E.1.1	2025-02-06	0.0015010019208566276	0.00041699203781003644	0.00432895973638827
Lugano (TI)	B.D.E.1.1	2025-02-09	0.0014557600400838513	0.0005236635106723184	0.003739842755588651
Lugano (TI)	B.D.E.1.1	2025-02-10	0.0014478737118540025	0.0005564282571492645	0.0035624644466090887
Lugano (TI)	B.D.E.1.1	2025-02-14	0.0014615266665217149	0.0005308719011573638	0.003133778716570841
Lugano (TI)	B.D.E.1.1	2025-02-18	0.001628126030016925	0.0006549464570414709	0.003335704955101431
Lugano (TI)	B.D.E.1.1	2025-02-22	0.0022123871041523717	0.0009118026353925449	0.004688231720741568
Lugano (TI)	B.D.E.1.1	2025-02-26	0.002629636052685863	0.0011590596621670628	0.004946497307844541
Lugano (TI)	B.D.E.1.1	2025-03-02	0.0021866602960982423	0.0008232056976689371	0.004453323539761882
Lugano (TI)	B.D.E.1.1	2025-03-06	0.0016107733653638362	7.655880625151318e-05	0.004004803926351522
Lugano (TI)	B.D.E.1.1	2025-03-07	0.0014782765300715873	6.326633993841462e-10	0.0036922260579612697
Lugano (TI)	B.D.E.1.1	2025-03-15	0.0021783795567616652	4.872075473052506e-10	0.005715100592757961
Lugano (TI)	B.D.E.1.1	2025-03-23	0.0016744615800459656	3.816765640677967e-09	0.0048944146866813235
Lugano (TI)	B.D.E.1.1	2025-03-26	0.0015589508861029323	1.5429046612092968e-11	0.004647267668714527
Lugano (TI)	B.D.E.1.1	2025-03-28	0.0014758549763598436	2.1453093169364102e-09	0.004148813421930358
Lugano (TI)	B.D.E.1.1	2025-04-03	0.0014106696846089008	0.0002645497292149754	0.0033817327833279925
Lugano (TI)	B.D.E.1.1	2025-04-07	0.002165628047959581	0.0003400605791787128	0.004754465231072273
Lugano (TI)	B.D.E.1.1	2025-04-15	0.0006413351750071002	4.8192265683340876e-05	0.0014910229611296826
Lugano (TI)	B.D.E.1.1	2025-04-18	0.00023442513266282516	3.270408454431283e-05	0.0006369500832548423
Lugano (TI)	B.D.E.1.2	2024-12-03	0.0027076399405833226	1.7070322525090625e-13	0.01599948874697201
Lugano (TI)	B.D.E.1.2	2024-12-07	0.0011392046424875436	2.1715338270999587e-17	0.004576201977834491
Lugano (TI)	B.D.E.1.2	2024-12-08	0.0009544274382606521	3.3992114288609527e-15	0.003666714285390994
Lugano (TI)	B.D.E.1.2	2024-12-11	0.00064394638033694	3.9832037147544127e-16	0.0022619386016274933
Lugano (TI)	B.D.E.1.2	2024-12-13	0.0005572961354746281	8.39287891747306e-16	0.0019964715401790084
Lugano (TI)	B.D.E.1.2	2024-12-15	0.0005211226304447236	1.713483878255146e-13	0.0018771915944009732
Lugano (TI)	B.D.E.1.2	2024-12-19	0.000532809616404089	5.225072599381131e-14	0.001993649549717613
Lugano (TI)	B.D.E.1.2	2024-12-20	0.0005442714991511123	3.8268389661666677e-17	0.0020152205199397482
Lugano (TI)	B.D.E.1.2	2024-12-28	0.0008052113819232172	7.078781405504911e-15	0.002778526181126398
Lugano (TI)	B.D.E.1.2	2024-12-29	0.0009170834061817948	1.7010846449171657e-14	0.003043976114033873
Lugano (TI)	B.D.E.1.2	2025-01-09	0.000978962550054209	2.2583257709127574e-11	0.00255815956860789
Lugano (TI)	B.D.E.1.2	2025-01-11	0.0009294113704326891	8.749412236282351e-10	0.002469201596596811
Lugano (TI)	B.D.E.1.2	2025-01-13	0.0010197659424527016	2.69893225237932e-09	0.002675249102113993
Lugano (TI)	B.D.E.1.2	2025-01-19	0.00169935931253826	4.9952067737002e-10	0.00436745052540732
Lugano (TI)	B.D.E.1.2	2025-01-24	0.0033436416116699136	8.717532120474266e-05	0.00943597424813928
Lugano (TI)	B.D.E.1.2	2025-02-01	0.012907609896939863	0.0020877897724202086	0.050223031519935846
Lugano (TI)	B.D.E.1.2	2025-02-06	0.002154754003987729	0.0009446173018155278	0.00410762616590638
Lugano (TI)	B.D.E.1.2	2025-02-09	0.0012120551362969484	0.0005516373094138527	0.002054074003000732
Lugano (TI)	B.D.E.1.2	2025-02-10	0.0010878751314267075	0.00047832174343814685	0.001869983674150644
Lugano (TI)	B.D.E.1.2	2025-02-14	0.0011265039765816554	0.0005201439490193823	0.0020094460697183906
Lugano (TI)	B.D.E.1.2	2025-02-18	0.0019508749266258635	0.000820728328504947	0.003634452080359859
Lugano (TI)	B.D.E.1.2	2025-02-22	0.0034148180893972158	0.00122842425284873	0.006710722762802387
Lugano (TI)	B.D.E.1.2	2025-02-26	0.004014637939793517	0.0013997041419357592	0.008913363002583188
Lugano (TI)	B.D.E.1.2	2025-03-02	0.0034591174701922027	0.0010097246360595783	0.008096155902857399
Lugano (TI)	B.D.E.1.2	2025-03-06	0.003027237053433187	0.0004695548364089532	0.008663449650068092
Lugano (TI)	B.D.E.1.2	2025-03-07	0.0030750818047686197	0.0002781009084581096	0.009254838782899325
Lugano (TI)	B.D.E.1.2	2025-03-15	0.07908156342827322	0.0012927488932079495	0.5945066378304857
Lugano (TI)	B.D.E.1.2	2025-03-23	0.015465708743957134	0.0003345846934589545	0.193525457214229
Lugano (TI)	B.D.E.1.2	2025-03-26	0.0028938960008636	4.798384104633764e-07	0.011128260408285578
Lugano (TI)	B.D.E.1.2	2025-03-28	0.002162834781670462	7.094626877817645e-08	0.007392831915832508
Lugano (TI)	B.D.E.1.2	2025-04-03	0.0022942860612383707	4.409718520136872e-10	0.006957409212563627
Lugano (TI)	B.D.E.1.2	2025-04-07	0.0031539449939075375	5.390907657912053e-10	0.014772413416924325
Lugano (TI)	B.D.E.1.2	2025-04-15	0.010987804608377965	6.065250726947874e-09	0.007554241476398091
Lugano (TI)	B.D.E.1.2	2025-04-18	0.00937265036035172	1.4213245127088724e-09	0.006312327490804432
Lugano (TI)	B.D.E.1.8	2024-12-03	0.004548543895041388	0.0007068596936524071	0.014595156046903503
Lugano (TI)	B.D.E.1.8	2024-12-07	0.0020937493807712117	0.000495703100928074	0.00547503571675894
Lugano (TI)	B.D.E.1.8	2024-12-08	0.0017909590167050782	0.0004533007195880681	0.004393193896101288
Lugano (TI)	B.D.E.1.8	2024-12-11	0.0012505811303974495	0.0003149483068302899	0.0025746403246144425
Lugano (TI)	B.D.E.1.8	2024-12-13	0.001098330195393344	0.00027091166391243044	0.0021182108807144637
Lugano (TI)	B.D.E.1.8	2024-12-15	0.0010612651338421622	0.00022309798587720847	0.0021650786995701006
Lugano (TI)	B.D.E.1.8	2024-12-19	0.0013662580389062937	0.0001841087979166883	0.0036058391311626376
Lugano (TI)	B.D.E.1.8	2024-12-20	0.0015748046263019363	0.00022655177592337099	0.004279500671722644
Lugano (TI)	B.D.E.1.8	2024-12-28	0.02871895235327956	0.0008779951384112295	0.2903469108619017
Lugano (TI)	B.D.E.1.8	2024-12-29	0.035441557187209365	0.0010859371756224152	0.42440835990514447
Lugano (TI)	B.D.E.1.8	2025-01-09	0.5924866775587501	0.00678299018359973	0.9864557250141976
Lugano (TI)	B.D.E.1.8	2025-01-11	0.6111386304357491	0.007181235482072835	0.9870509269212197
Lugano (TI)	B.D.E.1.8	2025-01-13	0.5758637855967175	0.007687104251900318	0.9855426519700294
Lugano (TI)	B.D.E.1.8	2025-01-19	0.14883064363198223	0.003395155254887497	0.9161507822496294
Lugano (TI)	B.D.E.1.8	2025-01-24	0.06346887543575458	0.0028547948314410804	0.3024841587071138
Lugano (TI)	B.D.E.1.8	2025-02-01	0.004569175107900937	0.0013922570404152593	0.010674500551627006
Lugano (TI)	B.D.E.1.8	2025-02-06	0.002289270828779445	0.0009276008522989669	0.004368114870272733
Lugano (TI)	B.D.E.1.8	2025-02-09	0.001895870097731327	0.0008206351631665635	0.0033747521539124093
Lugano (TI)	B.D.E.1.8	2025-02-10	0.001878287245174102	0.0008298061555339633	0.0032472393283251807
Lugano (TI)	B.D.E.1.8	2025-02-14	0.0021692428743928225	0.0010577829703692487	0.0036704968071750127
Lugano (TI)	B.D.E.1.8	2025-02-18	0.003139784374546859	0.0016184332911331385	0.005852879751945251
Lugano (TI)	B.D.E.1.8	2025-02-22	0.0068252164186269944	0.0034934413884634007	0.014670754980449037
Lugano (TI)	B.D.E.1.8	2025-02-26	0.07052537198560528	0.005990888625769072	0.37581159559932953
Lugano (TI)	B.D.E.1.8	2025-03-02	0.21942916579673497	0.007275508304311254	0.5029414331668153
Lugano (TI)	B.D.E.1.8	2025-03-06	0.19772664714142202	0.006810722550797732	0.5130591615663632
Lugano (TI)	B.D.E.1.8	2025-03-07	0.16896375320242638	0.006238954990757102	0.517216231610008
Lugano (TI)	B.D.E.1.8	2025-03-15	0.029417422445904586	0.0026453502597030723	0.13392185694667766
Lugano (TI)	B.D.E.1.8	2025-03-23	0.006949611877941058	0.0021498722828597514	0.025741574562577745
Lugano (TI)	B.D.E.1.8	2025-03-26	0.00748818306054622	0.0018562064497853832	0.027488711929277085
Lugano (TI)	B.D.E.1.8	2025-03-28	0.0062375627808823105	0.002238642743645712	0.015233725038124889
Lugano (TI)	B.D.E.1.8	2025-04-03	0.0029223892810231822	0.0011410728602200709	0.007040297635906032
Lugano (TI)	B.D.E.1.8	2025-04-07	0.0024362377558941974	0.0005745661085938346	0.005970575587266154
Lugano (TI)	B.D.E.1.8	2025-04-15	0.0007167620912680068	5.09220361444077e-09	0.0022349616196869677
Lugano (TI)	B.D.E.1.8	2025-04-18	0.0002572940031983922	4.274143116857888e-09	0.0007709472741945266
Lugano (TI)	B.D.E.7	2024-12-03	0.0006562488428511279	1.6859141964726063e-18	0.002431044542617282
Lugano (TI)	B.D.E.7	2024-12-07	0.0005142691922217932	1.1962920662692078e-17	0.0015412519296848478
Lugano (TI)	B.D.E.7	2024-12-08	0.0005207736430401443	4.79400608097558e-17	0.0015245142120786047
Lugano (TI)	B.D.E.7	2024-12-11	0.0005421444512087771	1.2072004509210538e-18	0.0015908262975107518
Lugano (TI)	B.D.E.7	2024-12-13	0.0005451021385096877	4.1532899283687084e-18	0.0016880102271262275
Lugano (TI)	B.D.E.7	2024-12-15	0.0005500131019188504	6.137584640255241e-19	0.0017453288929449341
Lugano (TI)	B.D.E.7	2024-12-19	0.0006090886562812643	2.452441641631296e-19	0.0018482678676181178
Lugano (TI)	B.D.E.7	2024-12-20	0.0006423549519829938	2.0054050751200431e-19	0.0018344717986115287
Lugano (TI)	B.D.E.7	2024-12-28	0.0014243032943307493	2.73338505398068e-17	0.004924394943776389
Lugano (TI)	B.D.E.7	2024-12-29	0.0016023031946714656	8.459314466653199e-17	0.005546763151153742
Lugano (TI)	B.D.E.7	2025-01-09	0.0011486366610367826	8.455439861299822e-18	0.002975293974497423
Lugano (TI)	B.D.E.7	2025-01-11	0.0011313021678630091	6.418043420079519e-13	0.002999196641444606
Lugano (TI)	B.D.E.7	2025-01-13	0.0012183975015588983	7.385198839583135e-09	0.0029970886968565032
Lugano (TI)	B.D.E.7	2025-01-19	0.0012529391750780857	0.0001858967058587439	0.0024935741468353127
Lugano (TI)	B.D.E.7	2025-01-24	0.0012712662138356162	9.008947653077923e-05	0.002711241398899345
Lugano (TI)	B.D.E.7	2025-02-01	0.0030007519688053587	0.001322371420525447	0.005767475500133585
Lugano (TI)	B.D.E.7	2025-02-06	0.00275952380724709	0.0011862756993806782	0.004897503948476764
Lugano (TI)	B.D.E.7	2025-02-09	0.0022122654645397497	0.0010221174239456777	0.004127321177524743
Lugano (TI)	B.D.E.7	2025-02-10	0.002074829096087726	0.000982861383782231	0.003779753150174487
Lugano (TI)	B.D.E.7	2025-02-14	0.0019316644103449698	0.0010211393019809527	0.003512216317378734
Lugano (TI)	B.D.E.7	2025-02-18	0.0023223534437377485	0.0013081837533610472	0.004180367938278808
Lugano (TI)	B.D.E.7	2025-02-22	0.002958072940046336	0.0014269999255512235	0.005182686425398812
Lugano (TI)	B.D.E.7	2025-02-26	0.003031631191156948	0.0015139324957037573	0.005031634775710579
Lugano (TI)	B.D.E.7	2025-03-02	0.0026470549042047964	0.001302209998804241	0.004649623008677636
Lugano (TI)	B.D.E.7	2025-03-06	0.0025743130544378604	0.001140447279007201	0.004412690490502979
Lugano (TI)	B.D.E.7	2025-03-07	0.0027051301640909136	0.001182953880928046	0.00470154081028622
Lugano (TI)	B.D.E.7	2025-03-15	0.013693115700651905	0.0027266310029811563	0.03122884495648514
Lugano (TI)	B.D.E.7	2025-03-23	0.0028800880456491184	0.0002627020017100015	0.006942505897193933
Lugano (TI)	B.D.E.7	2025-03-26	0.001667245046753816	1.51234773928297e-10	0.004105786275841827
Lugano (TI)	B.D.E.7	2025-03-28	0.0016742623181300882	1.7473448828455618e-09	0.0039049431175008833
Lugano (TI)	B.D.E.7	2025-04-03	0.005739347696396356	0.0012978062284594318	0.015336645105117497
Lugano (TI)	B.D.E.7	2025-04-07	0.016868560408585694	0.002348941392421523	0.08756148293170136
Lugano (TI)	B.D.E.7	2025-04-15	0.0008203409478330354	5.220512327519784e-16	0.0029478820430900356
Lugano (TI)	B.D.E.7	2025-04-18	0.000429184110773319	1.2376411687156733e-22	0.001843098011013395
Lugano (TI)	undetermined	2024-12-03	0.007535196954381934	0.0017015832450090218	0.020393078046242862
Lugano (TI)	undetermined	2024-12-07	0.004835615271560921	0.0020314746303636173	0.008743121216849968
Lugano (TI)	undetermined	2024-12-08	0.00467366242719497	0.0020981401699681572	0.008906500516170477
Lugano (TI)	undetermined	2024-12-11	0.004314798700353839	0.0008086101143900122	0.008692772062867416
Lugano (TI)	undetermined	2024-12-13	0.004450126608565098	0.0019525435096317903	0.009006867899220772
Lugano (TI)	undetermined	2024-12-15	0.004608833200430789	0.0018949884871703121	0.009352168756495536
Lugano (TI)	undetermined	2024-12-19	0.005647649285307053	0.002359668167200623	0.010878390463349803
Lugano (TI)	undetermined	2024-12-20	0.006153517418370514	0.0023326399777538523	0.011995098806936168
Lugano (TI)	undetermined	2024-12-28	0.014787923980540251	4.221188339128944e-17	0.06582349341173334
Lugano (TI)	undetermined	2024-12-29	0.014161607055535977	2.674489677765071e-18	0.06899298841669256
Lugano (TI)	undetermined	2025-01-09	0.0037950443806755666	2.4820114566584255e-18	0.013354214811569856
Lugano (TI)	undetermined	2025-01-11	0.003843749454980763	3.826035851065047e-17	0.012064582770743484
Lugano (TI)	undetermined	2025-01-13	0.003723660064977343	2.886280490905843e-13	0.010744557449819399
Lugano (TI)	undetermined	2025-01-19	0.0031099423864052946	2.3942960578334468e-17	0.00796193620422718
Lugano (TI)	undetermined	2025-01-24	0.002946998557379882	5.628811447030848e-16	0.00730405688481859
Lugano (TI)	undetermined	2025-02-01	0.003950417393916515	4.512143875330872e-19	0.011758518551243796
Lugano (TI)	undetermined	2025-02-06	0.0004139534669249654	1.0847036265942926e-19	0.004160046687408738
Lugano (TI)	undetermined	2025-02-09	0.0004000721892299574	4.621418074569786e-20	0.003716528945617052
Lugano (TI)	undetermined	2025-02-10	0.0003973374307604858	5.508105582055543e-20	0.0036329015352338477
Lugano (TI)	undetermined	2025-02-14	0.00040387479059561374	1.044378649775878e-19	0.0036521672695224504
Lugano (TI)	undetermined	2025-02-18	0.0004882889268678744	7.1366490031512e-21	0.004095948202774933
Lugano (TI)	undetermined	2025-02-22	0.0004999217289005446	7.627772393839764e-19	0.00444804259639503
Lugano (TI)	undetermined	2025-02-26	0.0004371805898318702	2.3229880903201255e-20	0.004079752666779341
Lugano (TI)	undetermined	2025-03-02	0.0004474149016528053	2.2890091321316407e-21	0.0039011775746968275
Lugano (TI)	undetermined	2025-03-06	0.0023661932361529144	9.418670959260418e-18	0.008609049772130742
Lugano (TI)	undetermined	2025-03-07	0.0027426638104685007	6.034263757404292e-18	0.009519623945169283
Lugano (TI)	undetermined	2025-03-15	0.0023253116466403446	4.408401381204398e-21	0.010067806231030325
Lugano (TI)	undetermined	2025-03-23	0.0014589648854052828	2.1792774106606637e-22	0.006491355072957542
Lugano (TI)	undetermined	2025-03-26	0.0014710453553076835	9.602035707062797e-23	0.006505830621833813
Lugano (TI)	undetermined	2025-03-28	0.0014265153261845526	8.887252923879612e-21	0.006203896510948035
Lugano (TI)	undetermined	2025-04-03	0.0025298480800176465	4.268770700902775e-26	0.012582260038551757
Lugano (TI)	undetermined	2025-04-07	0.00616654026736505	2.0037341190110812e-19	0.0347595734501988
Lugano (TI)	undetermined	2025-04-15	0.7539696977816129	0.11424146940200314	0.9980598312078406
Lugano (TI)	undetermined	2025-04-18	0.7918204215866126	0.4915281530568489	0.9990347825199274
Zürich (ZH)	B.D.4.1.1	2024-12-03	0.003309176037281659	2.999070111038524e-05	0.007658778464901376
Zürich (ZH)	B.D.4.1.1	2024-12-07	0.0031116006936752916	7.602316013731922e-05	0.006903074558372395
Zürich (ZH)	B.D.4.1.1	2024-12-08	0.0032535145286980175	0.0001954203854308632	0.0070897865853589296
Zürich (ZH)	B.D.4.1.1	2024-12-11	0.003777168864067234	0.0003818327802735239	0.00802085176591056
Zürich (ZH)	B.D.4.1.1	2024-12-13	0.004069415197433437	0.00023343639530501431	0.008362879273159757
Zürich (ZH)	B.D.4.1.1	2024-12-15	0.0037172352595873097	0.0005519425964240829	0.007689375442848221
Zürich (ZH)	B.D.4.1.1	2024-12-19	0.0013722994480453695	5.119225781809397e-10	0.0031458589264537484
Zürich (ZH)	B.D.4.1.1	2024-12-21	0.000840629330533954	2.2421688239807085e-10	0.002900839577534701
Zürich (ZH)	B.D.4.1.1	2024-12-23	0.0007251472774940876	1.7739921492992344e-11	0.003662476411946291
Zürich (ZH)	B.D.4.1.1	2024-12-27	0.0006640050156694848	1.9086084753589395e-10	0.0029184000043989693
Zürich (ZH)	B.D.4.1.1	2024-12-28	0.0008235584073680064	2.5622711996523695e-09	0.003214093265556419
Zürich (ZH)	B.D.4.1.1	2025-01-01	0.002118195322050417	4.138411120835654e-09	0.005057695845337054
Zürich (ZH)	B.D.4.1.1	2025-01-03	0.002928691232295113	8.644402160712427e-10	0.006696117873808189
Zürich (ZH)	B.D.4.1.1	2025-01-09	0.005348279896904705	0.0009677202504104276	0.00976582896718323
Zürich (ZH)	B.D.4.1.1	2025-01-11	0.005715332941715841	0.001318717438589911	0.01032641224055407
Zürich (ZH)	B.D.4.1.1	2025-01-13	0.006034710382270374	0.001373628066455432	0.010983265781304707
Zürich (ZH)	B.D.4.1.1	2025-01-19	0.004522791943184241	8.319140203201265e-10	0.009765197563680748
Zürich (ZH)	B.D.4.1.1	2025-01-21	0.0034022947592475556	3.7758147534779016e-11	0.008449458245831779
Zürich (ZH)	B.D.4.1.1	2025-01-24	0.002001924491880962	1.5198189428537416e-12	0.004787903768007545
Zürich (ZH)	B.D.4.1.1	2025-01-29	0.0004962230142504801	3.3699825931317596e-13	0.002642803548998313
Zürich (ZH)	B.D.4.1.1	2025-02-01	0.00039863486663189453	1.7762970829106064e-13	0.002733661606114822
Zürich (ZH)	B.D.4.1.1	2025-02-06	0.00046474708732784325	2.131046410143137e-12	0.002392084268501319
Zürich (ZH)	B.D.4.1.1	2025-02-09	0.0007071248950088238	7.447109463207964e-13	0.002202729974609732
Zürich (ZH)	B.D.4.1.1	2025-02-10	0.0008380502980678564	6.883826984967112e-13	0.0023844090523013222
Zürich (ZH)	B.D.4.1.1	2025-02-14	0.0018501926153542513	5.861138657625583e-13	0.005593506420782182
Zürich (ZH)	B.D.4.1.1	2025-02-18	0.0033550388601881636	2.3107306971123643e-14	0.00965969611457311
Zürich (ZH)	B.D.4.1.1	2025-02-22	0.004790104889028642	4.490377202327209e-15	0.014397904038712129
Zürich (ZH)	B.D.4.1.1	2025-02-26	0.0045309138394217	2.5280270303877336e-14	0.014166561912113275
Zürich (ZH)	B.D.4.1.1	2025-03-02	0.0033089017634647237	6.191033957179127e-12	0.007690967883472506
Zürich (ZH)	B.D.4.1.1	2025-03-06	0.003869926030075701	0.001528448586010731	0.007213361534671565
Zürich (ZH)	B.D.4.1.1	2025-03-07	0.003679546758872877	0.0013007102445586772	0.006744021632423038
Zürich (ZH)	B.D.4.1.1	2025-03-10	0.0028443877530785868	0.0007429010811709207	0.005889994110179591
Zürich (ZH)	B.D.4.1.1	2025-03-15	0.00046573369148572325	2.0816555227677013e-14	0.0023256851833433566
Zürich (ZH)	B.D.4.1.1	2025-03-18	0.0004542748220493942	5.935187148696793e-13	0.0026807025431495476
Zürich (ZH)	B.D.4.1.1	2025-03-23	0.0024770521155072075	3.5464866091419175e-05	0.007013874259582209
Zürich (ZH)	B.D.4.1.1	2025-03-26	0.004299091402988477	0.0002147737920310698	0.012614790492518464
Zürich (ZH)	B.D.4.1.1	2025-03-28	0.0051023218214123825	0.00027999326987937376	0.014740525051064093
Zürich (ZH)	B.D.4.1.1	2025-04-03	0.005451631185207061	0.0004097749493095352	0.014055271089609142
Zürich (ZH)	B.D.4.1.1	2025-04-05	0.0017855926481002479	1.477319781090535e-09	0.008609125019300305
Zürich (ZH)	B.D.4.1.1	2025-04-13	0.00041694191178465146	6.045644007559836e-15	0.0028379462566630906
Zürich (ZH)	B.D.4.1.1	2025-04-18	0.0008710310260863667	1.1706856091116283e-18	0.0035289405753760696
Zürich (ZH)	B.D.E.1	2024-12-03	0.9840378834521953	0.9725835880918697	0.9929659416412072
Zürich (ZH)	B.D.E.1	2024-12-07	0.9868657348578377	0.982256829609957	0.9942665793427693
Zürich (ZH)	B.D.E.1	2024-12-08	0.987008969691741	0.9824466005146236	0.994229930519103
Zürich (ZH)	B.D.E.1	2024-12-11	0.988110898047529	0.9790897810157025	0.9932459300785305
Zürich (ZH)	B.D.E.1	2024-12-13	0.9866701153466252	0.977030053907289	0.9926524876894082
Zürich (ZH)	B.D.E.1	2024-12-15	0.9847181874442938	0.9756517129939829	0.9927476903253577
Zürich (ZH)	B.D.E.1	2024-12-19	0.9763929048394898	0.9429553479287134	0.9925666402352636
Zürich (ZH)	B.D.E.1	2024-12-21	0.9585539890581842	0.8494950517088635	0.9920479004647785
Zürich (ZH)	B.D.E.1	2024-12-23	0.9234856416140041	0.28948374199215965	0.9905906731262275
Zürich (ZH)	B.D.E.1	2024-12-27	0.8898683367481336	0.06358989990030232	0.9890802041880921
Zürich (ZH)	B.D.E.1	2024-12-28	0.9086593065046696	0.2742292813496909	0.9896276751490581
Zürich (ZH)	B.D.E.1	2025-01-01	0.9677369525953218	0.9159829286173863	0.9904680701374434
Zürich (ZH)	B.D.E.1	2025-01-03	0.9774372663036567	0.9491743539820467	0.9903417831342313
Zürich (ZH)	B.D.E.1	2025-01-09	0.9849711236443442	0.9718894759780953	0.9906862396436399
Zürich (ZH)	B.D.E.1	2025-01-11	0.9855117717154144	0.9731327881229626	0.9912507041967443
Zürich (ZH)	B.D.E.1	2025-01-13	0.9854452717591112	0.9737227312659473	0.9912217764111453
Zürich (ZH)	B.D.E.1	2025-01-19	0.9857556729228848	0.9780929268774468	0.9911376336785557
Zürich (ZH)	B.D.E.1	2025-01-21	0.9865775137784304	0.9796635424694706	0.9924214312299188
Zürich (ZH)	B.D.E.1	2025-01-24	0.986176345455776	0.9758401560556266	0.9926699361917066
Zürich (ZH)	B.D.E.1	2025-01-29	0.9380742796509023	0.6034720143497563	0.9869066489480864
Zürich (ZH)	B.D.E.1	2025-02-01	0.9216736622505869	0.6057954578967908	0.98454039552976
Zürich (ZH)	B.D.E.1	2025-02-06	0.9770340743778888	0.9312018190063899	0.9910623261496415
Zürich (ZH)	B.D.E.1	2025-02-09	0.9843020924396995	0.972151844054344	0.9920320822831844
Zürich (ZH)	B.D.E.1	2025-02-10	0.9864286730908591	0.9761081486917823	0.9922413625185849
Zürich (ZH)	B.D.E.1	2025-02-14	0.9871660683758158	0.9801008929945599	0.9920212713477867
Zürich (ZH)	B.D.E.1	2025-02-18	0.9832202643870995	0.9757636502849214	0.9888316821695521
Zürich (ZH)	B.D.E.1	2025-02-22	0.9752793753536844	0.9643378292969864	0.9844326259787282
Zürich (ZH)	B.D.E.1	2025-02-26	0.9559581385138717	0.8982602193605114	0.9805653283981152
Zürich (ZH)	B.D.E.1	2025-03-02	0.8965830394208034	0.6640649717189927	0.9801463075550982
Zürich (ZH)	B.D.E.1	2025-03-06	0.9219621124324567	0.5353172267442381	0.9848624740068369
Zürich (ZH)	B.D.E.1	2025-03-07	0.9329711848162893	0.5986233852151044	0.9856057965824093
Zürich (ZH)	B.D.E.1	2025-03-10	0.9631123476832579	0.7905792343430234	0.9869002906027284
Zürich (ZH)	B.D.E.1	2025-03-15	0.9772955111811558	0.9710158887360497	0.991767034534025
Zürich (ZH)	B.D.E.1	2025-03-18	0.9819115540229808	0.9795473978444094	0.9923624603468585
Zürich (ZH)	B.D.E.1	2025-03-23	0.9772135082842764	0.9700239201266857	0.9888358295381792
Zürich (ZH)	B.D.E.1	2025-03-26	0.9545965410035808	0.5253843897753152	0.9866121461815681
Zürich (ZH)	B.D.E.1	2025-03-28	0.9288365174982164	0.476247192384524	0.9840751176644541
Zürich (ZH)	B.D.E.1	2025-04-03	0.9064277754459478	0.41851618742340735	0.9840108894510523
Zürich (ZH)	B.D.E.1	2025-04-05	0.9340628923966519	0.4557193132928458	0.9860880751422917
Zürich (ZH)	B.D.E.1	2025-04-13	0.9380884614599192	0.06716447997852398	0.994458036035719
Zürich (ZH)	B.D.E.1	2025-04-18	0.8976734686431119	0.010014858645101068	0.9942096044372579
Zürich (ZH)	B.D.E.1.1	2024-12-03	0.0018105607201190468	0.00042320238211073364	0.005078340489515273
Zürich (ZH)	B.D.E.1.1	2024-12-07	0.0012947483347485525	0.0003689205573310996	0.0034588436874810097
Zürich (ZH)	B.D.E.1.1	2024-12-08	0.0012943772111337513	0.0003875578784821124	0.0034050237102996425
Zürich (ZH)	B.D.E.1.1	2024-12-11	0.001567247361657623	0.0005670623456838731	0.0036100613594736725
Zürich (ZH)	B.D.E.1.1	2024-12-13	0.001979452918345082	0.0007713038062661417	0.004520921346955093
Zürich (ZH)	B.D.E.1.1	2024-12-15	0.0025340815669548343	0.0008319920523971009	0.005941087099289939
Zürich (ZH)	B.D.E.1.1	2024-12-19	0.0049573733759611435	0.001102544945460519	0.01676426649791591
Zürich (ZH)	B.D.E.1.1	2024-12-21	0.014649444207575848	0.001574060984833233	0.06830002066013857
Zürich (ZH)	B.D.E.1.1	2024-12-23	0.04070945994004022	0.002467181025162266	0.3180100749580902
Zürich (ZH)	B.D.E.1.1	2024-12-27	0.07306060868336481	0.003421282210019306	0.4658901204776519
Zürich (ZH)	B.D.E.1.1	2024-12-28	0.054603064968714365	0.00316025474075432	0.45977582414450496
Zürich (ZH)	B.D.E.1.1	2025-01-01	0.007697689878387545	0.0019190870039020825	0.030803483292651482
Zürich (ZH)	B.D.E.1.1	2025-01-03	0.004706365492253257	0.001434378745800047	0.013670664487601502
Zürich (ZH)	B.D.E.1.1	2025-01-09	0.0020024279205872763	0.0005778611951095083	0.004110843053395904
Zürich (ZH)	B.D.E.1.1	2025-01-11	0.001759499634876912	0.000411172776986574	0.0036597568413684264
Zürich (ZH)	B.D.E.1.1	2025-01-13	0.0017122078118042552	0.00037093758514412174	0.0035366551610531375
Zürich (ZH)	B.D.E.1.1	2025-01-19	0.0018516778822211665	0.0004786318245447208	0.0038647661965173657
Zürich (ZH)	B.D.E.1.1	2025-01-21	0.001721066280948114	0.0002890299090409702	0.0038162929987339052
Zürich (ZH)	B.D.E.1.1	2025-01-24	0.0015511992898605612	9.425922291632454e-05	0.003495542331352932
Zürich (ZH)	B.D.E.1.1	2025-01-29	0.0012729464871924368	3.5818793460802855e-05	0.003283660073873234
Zürich (ZH)	B.D.E.1.1	2025-02-01	0.0014940114038127414	0.0003088990737283296	0.004065439925580149
Zürich (ZH)	B.D.E.1.1	2025-02-06	0.002468281789722935	0.0006979365532069054	0.006935870403184177
Zürich (ZH)	B.D.E.1.1	2025-02-09	0.002480563088433194	0.0007811494519403145	0.006454016723205071
Zürich (ZH)	B.D.E.1.1	2025-02-10	0.0024181613014270394	0.0007917688109811517	0.00611986411135372
Zürich (ZH)	B.D.E.1.1	2025-02-14	0.002188557635074049	0.0007780965816559401	0.004702347415238976
Zürich (ZH)	B.D.E.1.1	2025-02-18	0.0019472288138378385	0.0007461421260168159	0.004217236601523407
Zürich (ZH)	B.D.E.1.1	2025-02-22	0.001961951974361856	0.0006858841027819196	0.0040604862728045804
Zürich (ZH)	B.D.E.1.1	2025-02-26	0.002678892438214028	0.001096699828933725	0.005147851814859429
Zürich (ZH)	B.D.E.1.1	2025-03-02	0.0040675952027300274	0.0018966880701927226	0.007976792165492037
Zürich (ZH)	B.D.E.1.1	2025-03-06	0.005331862948178642	0.0019962255313298685	0.014285209748687067
Zürich (ZH)	B.D.E.1.1	2025-03-07	0.005372193307526183	0.001899147110509285	0.014086130792606046
Zürich (ZH)	B.D.E.1.1	2025-03-10	0.00458497893304271	0.0014442452944589824	0.010361656052237982
Zürich (ZH)	B.D.E.1.1	2025-03-15	0.002606058401913767	0.0005762723384527004	0.006391068593905899
Zürich (ZH)	B.D.E.1.1	2025-03-18	0.0019914794730962727	0.0002879032273132891	0.005515546709547286
Zürich (ZH)	B.D.E.1.1	2025-03-23	0.0017025127898937448	5.2748218817123096e-05	0.004085876976494743
Zürich (ZH)	B.D.E.1.1	2025-03-26	0.0019757882816851414	0.00014291807202514154	0.00450784464812124
Zürich (ZH)	B.D.E.1.1	2025-03-28	0.002328453211811727	0.0003218403209976071	0.005520864846452874
Zürich (ZH)	B.D.E.1.1	2025-04-03	0.00314221390340718	7.934720174419688e-05	0.007746123057438206
Zürich (ZH)	B.D.E.1.1	2025-04-05	0.0028844499109330407	8.404889756628237e-05	0.007235220681663108
Zürich (ZH)	B.D.E.1.1	2025-04-13	0.012668412361320056	0.0004372584479029116	0.008867089475498849
Zürich (ZH)	B.D.E.1.1	2025-04-18	0.013402329209034801	0.0003869785077534408	0.015362650841220888
Zürich (ZH)	B.D.E.1.2	2024-12-03	0.0004169243303146155	9.089145089044398e-25	0.0025657143125069892
Zürich (ZH)	B.D.E.1.2	2024-12-07	0.00035452747485911556	5.696766524646846e-21	0.0018792763445988506
Zürich (ZH)	B.D.E.1.2	2024-12-08	0.000380031582144694	1.162004350291202e-19	0.0018998860010961411
Zürich (ZH)	B.D.E.1.2	2024-12-11	0.0005621243549277007	3.200102362464746e-18	0.0023400721951134457
Zürich (ZH)	B.D.E.1.2	2024-12-13	0.0007194811446451947	9.226171187524485e-17	0.002801738794144459
Zürich (ZH)	B.D.E.1.2	2024-12-15	0.0007685962014554713	1.2378435168328781e-18	0.0027731527805924324
Zürich (ZH)	B.D.E.1.2	2024-12-19	0.000625591401339796	7.495565939823883e-17	0.0027104085370805767
Zürich (ZH)	B.D.E.1.2	2024-12-21	0.0006023361744484873	2.2771160798408433e-19	0.0024609073856149927
Zürich (ZH)	B.D.E.1.2	2024-12-23	0.0006157206104429819	7.599750977389715e-16	0.002463057207584724
Zürich (ZH)	B.D.E.1.2	2024-12-27	0.0006022483070668817	7.60302010370776e-14	0.0025218262402212054
Zürich (ZH)	B.D.E.1.2	2024-12-28	0.0005713095878245783	6.089843339202669e-15	0.002292196155359031
Zürich (ZH)	B.D.E.1.2	2025-01-01	0.0003752225718853658	3.3216822644020424e-17	0.0015944113233276468
Zürich (ZH)	B.D.E.1.2	2025-01-03	0.0002679119495285734	3.2533424854316e-15	0.0012312794313941121
Zürich (ZH)	B.D.E.1.2	2025-01-09	0.00018338919611218964	3.133750689692153e-17	0.000671398044870371
Zürich (ZH)	B.D.E.1.2	2025-01-11	0.0001964481327345659	8.155459674868839e-19	0.000683914267655585
Zürich (ZH)	B.D.E.1.2	2025-01-13	0.00021559544634068797	3.9993278260536313e-14	0.0007366026931581908
Zürich (ZH)	B.D.E.1.2	2025-01-19	0.0004205518709756699	4.1213979842670784e-20	0.0019422486211069594
Zürich (ZH)	B.D.E.1.2	2025-01-21	0.0005451318503836007	7.282805367127121e-16	0.0023374700962435517
Zürich (ZH)	B.D.E.1.2	2025-01-24	0.0006568610675397799	4.004911732916616e-15	0.0025068619215627436
Zürich (ZH)	B.D.E.1.2	2025-01-29	0.0005344082469117673	2.747589863676063e-15	0.0018283717320704156
Zürich (ZH)	B.D.E.1.2	2025-02-01	0.000530742271599865	2.0196027841295577e-15	0.001984232541437521
Zürich (ZH)	B.D.E.1.2	2025-02-06	0.0007401905306908867	2.005404916717284e-08	0.002199148109724713
Zürich (ZH)	B.D.E.1.2	2025-02-09	0.0007758870503420012	1.0387560524226224e-06	0.0020171267800945933
Zürich (ZH)	B.D.E.1.2	2025-02-10	0.0007865987270723735	2.151280503089218e-05	0.0019556532053835738
Zürich (ZH)	B.D.E.1.2	2025-02-14	0.0009600262571600734	2.8890806004149737e-05	0.0020704234553256306
Zürich (ZH)	B.D.E.1.2	2025-02-18	0.0014763963724004567	0.00013132447775769597	0.00285658324062358
Zürich (ZH)	B.D.E.1.2	2025-02-22	0.002304927145507089	0.00028937635199418016	0.00472029096504139
Zürich (ZH)	B.D.E.1.2	2025-02-26	0.002933045801109654	0.0005806043783195401	0.006836727852414317
Zürich (ZH)	B.D.E.1.2	2025-03-02	0.0026069886544877172	0.0007141069086978694	0.00624556790488423
Zürich (ZH)	B.D.E.1.2	2025-03-06	0.002253463188229163	0.0007887224931273201	0.005194314797504901
Zürich (ZH)	B.D.E.1.2	2025-03-07	0.0022558753584597403	0.0008410242592220436	0.005008307993869219
Zürich (ZH)	B.D.E.1.2	2025-03-10	0.0024408147065364846	0.0010558452955492837	0.005679231622692894
Zürich (ZH)	B.D.E.1.2	2025-03-15	0.002702741640948495	0.0004950111878399547	0.0075053981818732594
Zürich (ZH)	B.D.E.1.2	2025-03-18	0.0021123336441538974	1.0536798460043994e-06	0.005779299710193915
Zürich (ZH)	B.D.E.1.2	2025-03-23	0.0008351010970361122	2.214643284457504e-10	0.0023683998897144824
Zürich (ZH)	B.D.E.1.2	2025-03-26	0.0006448631329004199	1.9744865764930374e-10	0.0017515661024151842
Zürich (ZH)	B.D.E.1.2	2025-03-28	0.0007335582137064455	3.0499959217939325e-10	0.0018610381437676076
Zürich (ZH)	B.D.E.1.2	2025-04-03	0.0016929757351860876	6.93502663331511e-05	0.0049125082149336675
Zürich (ZH)	B.D.E.1.2	2025-04-05	0.001961270437160584	0.00037565045515856464	0.005500542685495116
Zürich (ZH)	B.D.E.1.2	2025-04-13	0.03199696513270826	3.253797253952619e-05	0.5479054168227667
Zürich (ZH)	B.D.E.1.2	2025-04-18	0.05998824738776689	3.390217744077558e-05	0.9245707089176851
Zürich (ZH)	B.D.E.1.8	2024-12-03	0.008553605865202304	0.0019569039883027954	0.01840707826561413
Zürich (ZH)	B.D.E.1.8	2024-12-07	0.006634182624522687	0.0014135112784229766	0.010554521416388345
Zürich (ZH)	B.D.E.1.8	2024-12-08	0.006355936479996169	0.0013851707107068506	0.010249321730250359
Zürich (ZH)	B.D.E.1.8	2024-12-11	0.0040512586396786645	0.0014450440015704728	0.009185617161074819
Zürich (ZH)	B.D.E.1.8	2024-12-13	0.0044195146438892234	0.0015029170687511902	0.009700707479204986
Zürich (ZH)	B.D.E.1.8	2024-12-15	0.005766021569943647	0.0015536187354402073	0.011614283497360938
Zürich (ZH)	B.D.E.1.8	2024-12-19	0.012645265145926305	0.0012333756378526278	0.044004949768013536
Zürich (ZH)	B.D.E.1.8	2024-12-21	0.020840750391604636	0.0012230922379848686	0.10639151699017657
Zürich (ZH)	B.D.E.1.8	2024-12-23	0.02957083996149149	0.0012955982711630185	0.12301794257774859
Zürich (ZH)	B.D.E.1.8	2024-12-27	0.030478992086540785	0.0019974110316030996	0.21519181156102352
Zürich (ZH)	B.D.E.1.8	2024-12-28	0.03022471228146616	0.002125854781703524	0.176229266754257
Zürich (ZH)	B.D.E.1.8	2025-01-01	0.01839400822700424	0.0026544313989555705	0.06643357864226691
Zürich (ZH)	B.D.E.1.8	2025-01-03	0.011549691228380288	0.0030774163439488203	0.03758517068279706
Zürich (ZH)	B.D.E.1.8	2025-01-09	0.005407011094833859	0.0019443755171106056	0.014561660372655732
Zürich (ZH)	B.D.E.1.8	2025-01-11	0.004618526717631161	0.0016452823001645545	0.011486265618423032
Zürich (ZH)	B.D.E.1.8	2025-01-13	0.004244688026821732	0.0015775355603229741	0.009860044623267429
Zürich (ZH)	B.D.E.1.8	2025-01-19	0.0040040302382632125	0.0022405376384693173	0.007408275110703263
Zürich (ZH)	B.D.E.1.8	2025-01-21	0.004086389545592339	0.0021797660025366207	0.008100053381132195
Zürich (ZH)	B.D.E.1.8	2025-01-24	0.005598519689414527	0.0026962599206015467	0.012936072570525021
Zürich (ZH)	B.D.E.1.8	2025-01-29	0.05485448927387274	0.007446675196659178	0.38846450855463255
Zürich (ZH)	B.D.E.1.8	2025-02-01	0.07129556388263864	0.009713618181643355	0.3868680917181303
Zürich (ZH)	B.D.E.1.8	2025-02-06	0.014925659448512693	0.00389170696102977	0.05986984060615955
Zürich (ZH)	B.D.E.1.8	2025-02-09	0.007527305747972092	0.002171904286087693	0.017319944596277198
Zürich (ZH)	B.D.E.1.8	2025-02-10	0.00532455348017172	0.001961535469976294	0.01329446467166312
Zürich (ZH)	B.D.E.1.8	2025-02-14	0.003230375223588095	0.00144345704080287	0.0064280769810555315
Zürich (ZH)	B.D.E.1.8	2025-02-18	0.0031237618660363065	0.0014650985604177606	0.006827495513194585
Zürich (ZH)	B.D.E.1.8	2025-02-22	0.0056034823808323395	0.002850970837363292	0.010270885141478106
Zürich (ZH)	B.D.E.1.8	2025-02-26	0.023558757823049403	0.006571864792671584	0.08273468259230375
Zürich (ZH)	B.D.E.1.8	2025-03-02	0.08584530484195142	0.009137204694376804	0.3176716788492874
Zürich (ZH)	B.D.E.1.8	2025-03-06	0.06284267791935305	0.005004177445535701	0.45073096111648775
Zürich (ZH)	B.D.E.1.8	2025-03-07	0.05236385621747187	0.004506140353097183	0.3878774750339438
Zürich (ZH)	B.D.E.1.8	2025-03-10	0.02409609488905272	0.0035403869560746855	0.19822275097367043
Zürich (ZH)	B.D.E.1.8	2025-03-15	0.01265049257447097	0.001653841126767724	0.013049119715535705
Zürich (ZH)	B.D.E.1.8	2025-03-18	0.008805104452804557	0.001579754097923372	0.008959729190761979
Zürich (ZH)	B.D.E.1.8	2025-03-23	0.011656849167289618	0.002325221948881429	0.01911117341487679
Zürich (ZH)	B.D.E.1.8	2025-03-26	0.03143566619343357	0.002691126707418831	0.46279748320703407
Zürich (ZH)	B.D.E.1.8	2025-03-28	0.05469677326159362	0.00331536595888189	0.506664958887574
Zürich (ZH)	B.D.E.1.8	2025-04-03	0.06407386366244455	0.0030164506630955762	0.5409323296605668
Zürich (ZH)	B.D.E.1.8	2025-04-05	0.04049249660137642	0.0023262755232841387	0.5203805121529389
Zürich (ZH)	B.D.E.1.8	2025-04-13	0.01260520795970566	0.00024788492499935963	0.01544728388026449
Zürich (ZH)	B.D.E.1.8	2025-04-18	0.023474217525103508	0.0003457211114646576	0.03807531547076069
Zürich (ZH)	B.D.E.7	2024-12-03	0.00023807187850382824	1.520457107428978e-23	0.0013382621603065827
Zürich (ZH)	B.D.E.7	2024-12-07	0.0002763430080143086	5.7473728234265805e-24	0.0011850067600558093
Zürich (ZH)	B.D.E.7	2024-12-08	0.0003152959619849108	1.0407503032032139e-21	0.0012456364155149639
Zürich (ZH)	B.D.E.7	2024-12-11	0.0005369224493836377	9.295230580204229e-18	0.0016511048997522471
Zürich (ZH)	B.D.E.7	2024-12-13	0.0007010162714328766	2.9470546915695923e-16	0.0018777618088530858
Zürich (ZH)	B.D.E.7	2024-12-15	0.0007388126448897834	9.542991293007802e-16	0.00178941596348853
Zürich (ZH)	B.D.E.7	2024-12-19	0.0005602778737960655	1.2173498422706702e-15	0.0014687091727030698
Zürich (ZH)	B.D.E.7	2024-12-21	0.0005278530489000824	8.621921644783476e-22	0.0013716495785846092
Zürich (ZH)	B.D.E.7	2024-12-23	0.0005342787795258338	3.6073599495867515e-18	0.00141062479623553
Zürich (ZH)	B.D.E.7	2024-12-27	0.000518354306669327	1.138674582796074e-15	0.001444146891578546
Zürich (ZH)	B.D.E.7	2024-12-28	0.0004983818630529212	8.358943043376104e-14	0.001390217744722913
Zürich (ZH)	B.D.E.7	2025-01-01	0.0004524050170720019	2.3984636610725215e-15	0.0012417361941988818
Zürich (ZH)	B.D.E.7	2025-01-03	0.000525120529569259	2.2478133450947904e-13	0.001267158472137866
Zürich (ZH)	B.D.E.7	2025-01-09	0.000932599187303938	0.00022577796521417516	0.0016056989996983617
Zürich (ZH)	B.D.E.7	2025-01-11	0.0010034604622967593	0.00024721258309262493	0.0017627853207165085
Zürich (ZH)	B.D.E.7	2025-01-13	0.0010661470450828339	0.00022617145950558994	0.0018652712762574593
Zürich (ZH)	B.D.E.7	2025-01-19	0.0008707599434484094	2.0767863696472498e-13	0.0019390174250114632
Zürich (ZH)	B.D.E.7	2025-01-21	0.0007525910216395346	2.3958341937345114e-16	0.001838947648801519
Zürich (ZH)	B.D.E.7	2025-01-24	0.0007331291834115359	4.6385038795609316e-14	0.0017170611995093248
Zürich (ZH)	B.D.E.7	2025-01-29	0.0008046087862772479	1.1671989967322253e-07	0.0017866702560757608
Zürich (ZH)	B.D.E.7	2025-02-01	0.0007977591453423822	6.525161999903066e-05	0.0016708412937173958
Zürich (ZH)	B.D.E.7	2025-02-06	0.0007246746164550771	2.659802825427152e-10	0.0016724708276055198
Zürich (ZH)	B.D.E.7	2025-02-09	0.0006967535656178449	6.614894602255926e-11	0.001543156083107932
Zürich (ZH)	B.D.E.7	2025-02-10	0.0007181655476368717	1.0148924036299082e-06	0.0015482566564666944
Zürich (ZH)	B.D.E.7	2025-02-14	0.0011068338070810025	0.00033109895347286874	0.0019196084016262188
Zürich (ZH)	B.D.E.7	2025-02-18	0.0022809506124145153	0.0010922400243785625	0.003658095000006062
Zürich (ZH)	B.D.E.7	2025-02-22	0.0038388600874998623	0.001893225132219938	0.006378292787607911
Zürich (ZH)	B.D.E.7	2025-02-26	0.003799958559111444	0.0019185876412853812	0.0067196127775919125
Zürich (ZH)	B.D.E.7	2025-03-02	0.002523539369171968	0.001255131200075211	0.004109587689181414
Zürich (ZH)	B.D.E.7	2025-03-06	0.001625708868421017	0.0007236638656536632	0.0025336362870968816
Zürich (ZH)	B.D.E.7	2025-03-07	0.0014849078659032217	0.000589599590398112	0.0023917043347907153
Zürich (ZH)	B.D.E.7	2025-03-10	0.0011651125008228516	0.0004757204304492814	0.0021602255119137744
Zürich (ZH)	B.D.E.7	2025-03-15	0.0007792713948045736	0.0001669303244257798	0.001635637047746666
Zürich (ZH)	B.D.E.7	2025-03-18	0.0006551778280334114	5.514792926855173e-07	0.0014191686982855365
Zürich (ZH)	B.D.E.7	2025-03-23	0.0009319920946943086	0.00018471734703720674	0.002147540604931578
Zürich (ZH)	B.D.E.7	2025-03-26	0.0014158106516224032	0.0004322635741548472	0.002486691180403735
Zürich (ZH)	B.D.E.7	2025-03-28	0.0018696639311203177	0.0007227022670278768	0.002904880879831239
Zürich (ZH)	B.D.E.7	2025-04-03	0.0035014067205531023	0.0009111167758119222	0.007807311109957159
Zürich (ZH)	B.D.E.7	2025-04-05	0.0031166057803471148	0.0005926689699633886	0.007309965610459087
Zürich (ZH)	B.D.E.7	2025-04-13	0.0005115895603912872	6.103029619156445e-18	0.0016222659101884263
Zürich (ZH)	B.D.E.7	2025-04-18	0.0011271599873532287	4.566425938825302e-17	0.0036599208688821456
Zürich (ZH)	undetermined	2024-12-03	0.001633777716383229	1.2663105674336266e-32	0.006462525841709669
Zürich (ZH)	undetermined	2024-12-07	0.0014628630063423746	2.9193310841077944e-31	0.005978350565458603
Zürich (ZH)	undetermined	2024-12-08	0.0013918745443015832	1.5080041754173055e-35	0.0059384913386638
Zürich (ZH)	undetermined	2024-12-11	0.00139438028275607	4.016618986756829e-24	0.006327132588985286
Zürich (ZH)	undetermined	2024-12-13	0.0014410044776289642	2.802998901690849e-25	0.006359374442716115
Zürich (ZH)	undetermined	2024-12-15	0.0017570653128750632	3.2951494046541214e-21	0.007186728129654506
Zürich (ZH)	undetermined	2024-12-19	0.003446287915441477	0.0010342601077039232	0.008393772760087495
Zürich (ZH)	undetermined	2024-12-21	0.003984997788752849	0.0018896632768387372	0.008890339844100476
Zürich (ZH)	undetermined	2024-12-23	0.004358911817001235	0.0008366376707127989	0.008865855848977075
Zürich (ZH)	undetermined	2024-12-27	0.004807454852555099	0.002473628334963331	0.009012063743961855
Zürich (ZH)	undetermined	2024-12-28	0.00461966638690427	0.002238159299676066	0.008923189302609297
Zürich (ZH)	undetermined	2025-01-01	0.0032255263882787115	9.417007840584795e-13	0.008290591223739423
Zürich (ZH)	undetermined	2025-01-03	0.0025849532643167435	1.9947073012289475e-20	0.007617420908910384
Zürich (ZH)	undetermined	2025-01-09	0.001155169059913753	2.1490289056093504e-31	0.0069734303914147635
Zürich (ZH)	undetermined	2025-01-11	0.0011949603953303122	9.504135131814485e-32	0.007727594325787002
Zürich (ZH)	undetermined	2025-01-13	0.00128137952856878	4.333272064500972e-30	0.008114594114540057
Zürich (ZH)	undetermined	2025-01-19	0.002574515199022451	1.1803843185997298e-26	0.010464909053411254
Zürich (ZH)	undetermined	2025-01-21	0.0029150127637584456	5.950728632068848e-23	0.009859312401807912
Zürich (ZH)	undetermined	2025-01-24	0.0032820208221165624	2.613515758772252e-10	0.00840400342072436
Zürich (ZH)	undetermined	2025-01-29	0.0039630445405930016	0.001980510610469494	0.007509827892954876
Zürich (ZH)	undetermined	2025-02-01	0.0038096261793875257	0.0017796134318054605	0.0071727390143529034
Zürich (ZH)	undetermined	2025-02-06	0.003642372149401794	0.001607954128627889	0.006580393828854379
Zürich (ZH)	undetermined	2025-02-09	0.0035102732129265956	0.0015324066374057998	0.006606261299402535
Zürich (ZH)	undetermined	2025-02-10	0.003485797554765052	0.0014728691101157675	0.006699077280212059
Zürich (ZH)	undetermined	2025-02-14	0.003497946085926803	7.38394453891027e-11	0.008071146609405246
Zürich (ZH)	undetermined	2025-02-18	0.004596359088023173	5.117832575471225e-13	0.011731755618498837
Zürich (ZH)	undetermined	2025-02-22	0.006221298169085863	7.528822792630901e-15	0.01695028040390153
Zürich (ZH)	undetermined	2025-02-26	0.006540293025222108	3.5786436338885988e-12	0.016019907724720683
Zürich (ZH)	undetermined	2025-03-02	0.00506463074739074	3.954167590174095e-08	0.010707278534077021
Zürich (ZH)	undetermined	2025-03-06	0.002114248613285739	1.7890881967718983e-17	0.005505048926281283
Zürich (ZH)	undetermined	2025-03-07	0.0018724356754768335	6.538855835975921e-16	0.00491778162091803
Zürich (ZH)	undetermined	2025-03-10	0.0017562635342087437	5.265552772607397e-14	0.004294956688529853
Zürich (ZH)	undetermined	2025-03-15	0.0035001911152206747	0.0014779939624397494	0.005573943543350669
Zürich (ZH)	undetermined	2025-03-18	0.004070075756881678	0.0018577222115483385	0.006295175425462323
Zürich (ZH)	undetermined	2025-03-23	0.005182984451302583	0.00012514904030365653	0.010293388309488775
Zürich (ZH)	undetermined	2025-03-26	0.005632239333789179	1.264335981365098e-16	0.013334059902606884
Zürich (ZH)	undetermined	2025-03-28	0.006432712062139129	4.547838824043571e-17	0.01679706804583594
Zürich (ZH)	undetermined	2025-04-03	0.015710133347254213	1.843728886085436e-08	0.05378511613700893
Zürich (ZH)	undetermined	2025-04-05	0.01569669222543077	0.0035718273386212643	0.042528679624510804
Zürich (ZH)	undetermined	2025-04-13	0.0037124216141708848	0.00123069691069987	0.007301545305152649
Zürich (ZH)	undetermined	2025-04-18	0.003463546221543325	0.0007475584190850929	0.008178223788862873
